entity_id,state,last_changed
sensor.kitchen_esp32_screen_sensor_station_bmp280_pressure,unavailable,2026-09-17T22:00:00.000Z
sensor.kitchen_esp32_screen_sensor_station_bmp280_pressure,992.285461425781,2026-09-18T21:11:28.483Z
sensor.kitchen_esp32_screen_sensor_station_bmp280_pressure,992.282104492188,2026-09-18T21:12:21.669Z
sensor.kitchen_esp32_screen_sensor_station_bmp280_pressure,992.341064453125,2026-09-18T21:13:21.660Z
sensor.kitchen_esp32_screen_sensor_station_bmp280_pressure,992.304626464844,2026-09-18T21:14:21.674Z
sensor.kitchen_esp32_screen_sensor_station_bmp280_pressure,992.344055175781,2026-09-18T21:15:21.668Z
sensor.kitchen_esp32_screen_sensor_station_bmp280_pressure,992.322998046875,2026-09-18T21:16:21.661Z
sensor.kitchen_esp32_screen_sensor_station_bmp280_pressure,992.308288574219,2026-09-18T21:17:21.667Z
sensor.kitchen_esp32_screen_sensor_station_bmp280_pressure,992.327026367188,2026-09-18T21:18:21.669Z
sensor.kitchen_esp32_screen_sensor_station_bmp280_pressure,992.290649414062,2026-09-18T21:19:21.673Z
sensor.kitchen_esp32_screen_sensor_station_bmp280_pressure,992.245544433594,2026-09-18T21:20:21.667Z
sensor.kitchen_esp32_screen_sensor_station_bmp280_pressure,992.265991210938,2026-09-18T21:21:21.665Z
sensor.kitchen_esp32_screen_sensor_station_bmp280_pressure,992.329711914062,2026-09-18T21:22:21.664Z
sensor.kitchen_esp32_screen_sensor_station_bmp280_pressure,992.320007324219,2026-09-18T21:23:21.663Z
sensor.kitchen_esp32_screen_sensor_station_bmp280_pressure,992.275024414062,2026-09-18T21:24:21.682Z
sensor.kitchen_esp32_screen_sensor_station_bmp280_pressure,992.271118164062,2026-09-18T21:25:21.664Z
sensor.kitchen_esp32_screen_sensor_station_bmp280_pressure,992.260864257812,2026-09-18T21:26:21.672Z
sensor.kitchen_esp32_screen_sensor_station_bmp280_pressure,992.270385742188,2026-09-18T21:27:21.661Z
sensor.kitchen_esp32_screen_sensor_station_bmp280_pressure,992.275939941406,2026-09-18T21:28:21.667Z
sensor.kitchen_esp32_screen_sensor_station_bmp280_pressure,992.262451171875,2026-09-18T21:29:21.669Z
sensor.kitchen_esp32_screen_sensor_station_bmp280_pressure,992.338989257812,2026-09-18T21:30:21.662Z
sensor.kitchen_esp32_screen_sensor_station_bmp280_pressure,992.328308105469,2026-09-18T21:31:21.668Z
sensor.kitchen_esp32_screen_sensor_station_bmp280_pressure,992.328735351562,2026-09-18T21:32:21.665Z
sensor.kitchen_esp32_screen_sensor_station_bmp280_pressure,992.325622558594,2026-09-18T21:33:21.665Z
sensor.kitchen_esp32_screen_sensor_station_bmp280_pressure,992.353454589844,2026-09-18T21:34:21.668Z
sensor.kitchen_esp32_screen_sensor_station_bmp280_pressure,992.328491210938,2026-09-18T21:35:21.667Z
sensor.kitchen_esp32_screen_sensor_station_bmp280_pressure,992.28857421875,2026-09-18T21:36:21.664Z
sensor.kitchen_esp32_screen_sensor_station_bmp280_pressure,992.326538085938,2026-09-18T21:37:21.663Z
sensor.kitchen_esp32_screen_sensor_station_bmp280_pressure,992.342590332031,2026-09-18T21:38:21.664Z
sensor.kitchen_esp32_screen_sensor_station_bmp280_pressure,992.324829101562,2026-09-18T21:39:21.666Z
sensor.kitchen_esp32_screen_sensor_station_bmp280_pressure,992.348876953125,2026-09-18T21:40:21.683Z
sensor.kitchen_esp32_screen_sensor_station_bmp280_pressure,992.345153808594,2026-09-18T21:41:21.667Z
sensor.kitchen_esp32_screen_sensor_station_bmp280_pressure,992.35595703125,2026-09-18T21:42:21.664Z
sensor.kitchen_esp32_screen_sensor_station_bmp280_pressure,992.335021972656,2026-09-18T21:43:21.665Z
sensor.kitchen_esp32_screen_sensor_station_bmp280_pressure,992.306884765625,2026-09-18T21:44:21.667Z
sensor.kitchen_esp32_screen_sensor_station_bmp280_pressure,992.312805175781,2026-09-18T21:45:21.664Z
sensor.kitchen_esp32_screen_sensor_station_bmp280_pressure,992.325805664062,2026-09-18T21:46:21.668Z
sensor.kitchen_esp32_screen_sensor_station_bmp280_pressure,992.284851074219,2026-09-18T21:47:21.663Z
sensor.kitchen_esp32_screen_sensor_station_bmp280_pressure,992.369506835938,2026-09-18T21:48:21.674Z
sensor.kitchen_esp32_screen_sensor_station_bmp280_pressure,992.283813476562,2026-09-18T21:49:21.690Z
sensor.kitchen_esp32_screen_sensor_station_bmp280_pressure,992.267211914062,2026-09-18T21:50:21.666Z
sensor.kitchen_esp32_screen_sensor_station_bmp280_pressure,992.297119140625,2026-09-18T21:51:21.665Z
sensor.kitchen_esp32_screen_sensor_station_bmp280_pressure,992.286071777344,2026-09-18T21:52:21.670Z
sensor.kitchen_esp32_screen_sensor_station_bmp280_pressure,992.257019042969,2026-09-18T21:53:21.668Z
sensor.kitchen_esp32_screen_sensor_station_bmp280_pressure,992.252685546875,2026-09-18T21:54:21.666Z
sensor.kitchen_esp32_screen_sensor_station_bmp280_pressure,992.323181152344,2026-09-18T21:55:21.675Z
sensor.kitchen_esp32_screen_sensor_station_bmp280_pressure,992.299743652344,2026-09-18T21:56:21.670Z
sensor.kitchen_esp32_screen_sensor_station_bmp280_pressure,992.281433105469,2026-09-18T21:57:21.673Z
sensor.kitchen_esp32_screen_sensor_station_bmp280_pressure,992.318969726562,2026-09-18T21:58:21.668Z
sensor.kitchen_esp32_screen_sensor_station_bmp280_pressure,992.298767089844,2026-09-18T21:59:21.676Z
sensor.kitchen_esp32_screen_sensor_station_bmp280_pressure,992.316711425781,2026-09-18T22:00:21.681Z
sensor.kitchen_esp32_screen_sensor_station_bmp280_pressure,992.292236328125,2026-09-18T22:01:21.668Z
sensor.kitchen_esp32_screen_sensor_station_bmp280_pressure,992.280456542969,2026-09-18T22:02:21.668Z
sensor.kitchen_esp32_screen_sensor_station_bmp280_pressure,992.237487792969,2026-09-18T22:03:21.676Z
sensor.kitchen_esp32_screen_sensor_station_bmp280_pressure,992.302185058594,2026-09-18T22:04:21.666Z
sensor.kitchen_esp32_screen_sensor_station_bmp280_pressure,992.228881835938,2026-09-18T22:05:21.675Z
sensor.kitchen_esp32_screen_sensor_station_bmp280_pressure,992.250366210938,2026-09-18T22:06:21.666Z
sensor.kitchen_esp32_screen_sensor_station_bmp280_pressure,992.224548339844,2026-09-18T22:07:21.669Z
sensor.kitchen_esp32_screen_sensor_station_bmp280_pressure,unavailable,2026-09-18T22:07:33.814Z
sensor.kitchen_esp32_screen_sensor_station_bmp280_pressure,992.20166015625,2026-09-18T22:07:42.078Z
sensor.kitchen_esp32_screen_sensor_station_bmp280_pressure,992.229064941406,2026-09-18T22:08:39.044Z
sensor.kitchen_esp32_screen_sensor_station_bmp280_pressure,992.201721191406,2026-09-18T22:09:39.042Z
sensor.kitchen_esp32_screen_sensor_station_bmp280_pressure,992.226318359375,2026-09-18T22:10:39.017Z
sensor.kitchen_esp32_screen_sensor_station_bmp280_pressure,992.250854492188,2026-09-18T22:11:39.022Z
sensor.kitchen_esp32_screen_sensor_station_bmp280_pressure,unavailable,2026-09-18T22:12:51.950Z
sensor.kitchen_esp32_screen_sensor_station_bmp280_pressure,992.248046875,2026-09-18T22:13:02.211Z
sensor.kitchen_esp32_screen_sensor_station_bmp280_pressure,992.262634277344,2026-09-18T22:13:58.994Z
sensor.kitchen_esp32_screen_sensor_station_bmp280_pressure,992.287902832031,2026-09-18T22:14:58.988Z
sensor.kitchen_esp32_screen_sensor_station_bmp280_pressure,992.338806152344,2026-09-18T22:15:58.990Z
sensor.kitchen_esp32_screen_sensor_station_bmp280_pressure,992.340454101562,2026-09-18T22:16:59.002Z
sensor.kitchen_esp32_screen_sensor_station_bmp280_pressure,992.369384765625,2026-09-18T22:17:58.996Z
sensor.kitchen_esp32_screen_sensor_station_bmp280_pressure,992.352783203125,2026-09-18T22:18:58.994Z
sensor.kitchen_esp32_screen_sensor_station_bmp280_pressure,992.399047851562,2026-09-18T22:19:58.990Z
sensor.kitchen_esp32_screen_sensor_station_bmp280_pressure,992.445251464844,2026-09-18T22:20:58.997Z
sensor.kitchen_esp32_screen_sensor_station_bmp280_pressure,992.398132324219,2026-09-18T22:21:58.995Z
sensor.kitchen_esp32_screen_sensor_station_bmp280_pressure,992.397644042969,2026-09-18T22:22:58.996Z
sensor.kitchen_esp32_screen_sensor_station_bmp280_pressure,992.458618164062,2026-09-18T22:23:58.988Z
sensor.kitchen_esp32_screen_sensor_station_bmp280_pressure,992.401428222656,2026-09-18T22:24:58.988Z
sensor.kitchen_esp32_screen_sensor_station_bmp280_pressure,992.397827148438,2026-09-18T22:25:58.998Z
sensor.kitchen_esp32_screen_sensor_station_bmp280_pressure,992.360473632812,2026-09-18T22:26:59.004Z
sensor.kitchen_esp32_screen_sensor_station_bmp280_pressure,992.324584960938,2026-09-18T22:27:58.992Z
sensor.kitchen_esp32_screen_sensor_station_bmp280_pressure,992.33251953125,2026-09-18T22:28:59.002Z
sensor.kitchen_esp32_screen_sensor_station_bmp280_pressure,992.333618164062,2026-09-18T22:29:58.995Z
sensor.kitchen_esp32_screen_sensor_station_bmp280_pressure,992.316711425781,2026-09-18T22:30:58.991Z
sensor.kitchen_esp32_screen_sensor_station_bmp280_pressure,992.283264160156,2026-09-18T22:31:58.993Z
sensor.kitchen_esp32_screen_sensor_station_bmp280_pressure,992.337951660156,2026-09-18T22:32:58.991Z
sensor.kitchen_esp32_screen_sensor_station_bmp280_pressure,992.334045410156,2026-09-18T22:33:59.006Z
sensor.kitchen_esp32_screen_sensor_station_bmp280_pressure,992.299987792969,2026-09-18T22:34:59.006Z
sensor.kitchen_esp32_screen_sensor_station_bmp280_pressure,992.340148925781,2026-09-18T22:35:58.991Z
sensor.kitchen_esp32_screen_sensor_station_bmp280_pressure,992.370849609375,2026-09-18T22:36:58.999Z
sensor.kitchen_esp32_screen_sensor_station_bmp280_pressure,992.390258789062,2026-09-18T22:37:59.943Z
sensor.kitchen_esp32_screen_sensor_station_bmp280_pressure,992.360595703125,2026-09-18T22:38:59.951Z
sensor.kitchen_esp32_screen_sensor_station_bmp280_pressure,992.380615234375,2026-09-18T22:39:59.949Z
sensor.kitchen_esp32_screen_sensor_station_bmp280_pressure,992.368347167969,2026-09-18T22:40:59.958Z
sensor.kitchen_esp32_screen_sensor_station_bmp280_pressure,992.365173339844,2026-09-18T22:41:59.947Z
sensor.kitchen_esp32_screen_sensor_station_bmp280_pressure,992.328735351562,2026-09-18T22:42:59.946Z
sensor.kitchen_esp32_screen_sensor_station_bmp280_pressure,992.361022949219,2026-09-18T22:43:59.953Z
sensor.kitchen_esp32_screen_sensor_station_bmp280_pressure,992.348571777344,2026-09-18T22:44:59.950Z
sensor.kitchen_esp32_screen_sensor_station_bmp280_pressure,992.358581542969,2026-09-18T22:45:59.960Z
sensor.kitchen_esp32_screen_sensor_station_bmp280_pressure,992.386108398438,2026-09-18T22:46:59.950Z
sensor.kitchen_esp32_screen_sensor_station_bmp280_pressure,992.363891601562,2026-09-18T22:47:59.952Z
sensor.kitchen_esp32_screen_sensor_station_bmp280_pressure,992.356079101562,2026-09-18T22:48:59.953Z
sensor.kitchen_esp32_screen_sensor_station_bmp280_pressure,992.314208984375,2026-09-18T22:49:59.956Z
sensor.kitchen_esp32_screen_sensor_station_bmp280_pressure,992.280029296875,2026-09-18T22:50:59.959Z
sensor.kitchen_esp32_screen_sensor_station_bmp280_pressure,992.362182617188,2026-09-18T22:51:59.956Z
sensor.kitchen_esp32_screen_sensor_station_bmp280_pressure,992.365600585938,2026-09-18T22:52:59.947Z
sensor.kitchen_esp32_screen_sensor_station_bmp280_pressure,992.321411132812,2026-09-18T22:53:59.955Z
sensor.kitchen_esp32_screen_sensor_station_bmp280_pressure,992.335327148438,2026-09-18T22:54:59.956Z
sensor.kitchen_esp32_screen_sensor_station_bmp280_pressure,992.33349609375,2026-09-18T22:55:59.964Z
sensor.kitchen_esp32_screen_sensor_station_bmp280_pressure,992.292663574219,2026-09-18T22:56:59.966Z
sensor.kitchen_esp32_screen_sensor_station_bmp280_pressure,992.278991699219,2026-09-18T22:57:59.955Z
sensor.kitchen_esp32_screen_sensor_station_bmp280_pressure,992.324035644531,2026-09-18T22:58:59.956Z
sensor.kitchen_esp32_screen_sensor_station_bmp280_pressure,992.334838867188,2026-09-18T22:59:59.960Z
sensor.kitchen_esp32_screen_sensor_station_bmp280_pressure,992.337158203125,2026-09-18T23:00:59.959Z
sensor.kitchen_esp32_screen_sensor_station_bmp280_pressure,992.354858398438,2026-09-18T23:01:59.953Z
sensor.kitchen_esp32_screen_sensor_station_bmp280_pressure,992.314147949219,2026-09-18T23:02:59.969Z
sensor.kitchen_esp32_screen_sensor_station_bmp280_pressure,992.290771484375,2026-09-18T23:03:59.968Z
sensor.kitchen_esp32_screen_sensor_station_bmp280_pressure,992.276794433594,2026-09-18T23:04:59.965Z
sensor.kitchen_esp32_screen_sensor_station_bmp280_pressure,992.286376953125,2026-09-18T23:05:59.961Z
sensor.kitchen_esp32_screen_sensor_station_bmp280_pressure,992.274230957031,2026-09-18T23:06:59.963Z
sensor.kitchen_esp32_screen_sensor_station_bmp280_pressure,992.293579101562,2026-09-18T23:07:59.961Z
sensor.kitchen_esp32_screen_sensor_station_bmp280_pressure,992.288146972656,2026-09-18T23:08:59.957Z
sensor.kitchen_esp32_screen_sensor_station_bmp280_pressure,992.301330566406,2026-09-18T23:09:59.959Z
sensor.kitchen_esp32_screen_sensor_station_bmp280_pressure,992.25927734375,2026-09-18T23:10:59.965Z
sensor.kitchen_esp32_screen_sensor_station_bmp280_pressure,992.249816894531,2026-09-18T23:11:59.970Z
sensor.kitchen_esp32_screen_sensor_station_bmp280_pressure,992.264831542969,2026-09-18T23:12:59.971Z
sensor.kitchen_esp32_screen_sensor_station_bmp280_pressure,992.214050292969,2026-09-18T23:13:59.987Z
sensor.kitchen_esp32_screen_sensor_station_bmp280_pressure,992.22314453125,2026-09-18T23:14:59.962Z
sensor.kitchen_esp32_screen_sensor_station_bmp280_pressure,992.166259765625,2026-09-18T23:15:59.960Z
sensor.kitchen_esp32_screen_sensor_station_bmp280_pressure,992.102172851562,2026-09-18T23:16:59.963Z
sensor.kitchen_esp32_screen_sensor_station_bmp280_pressure,992.134460449219,2026-09-18T23:17:59.965Z
sensor.kitchen_esp32_screen_sensor_station_bmp280_pressure,992.057983398438,2026-09-18T23:18:59.964Z
sensor.kitchen_esp32_screen_sensor_station_bmp280_pressure,992.152526855469,2026-09-18T23:19:59.982Z
sensor.kitchen_esp32_screen_sensor_station_bmp280_pressure,992.186279296875,2026-09-18T23:20:59.971Z
sensor.kitchen_esp32_screen_sensor_station_bmp280_pressure,992.213073730469,2026-09-18T23:21:59.966Z
sensor.kitchen_esp32_screen_sensor_station_bmp280_pressure,992.229248046875,2026-09-18T23:22:59.964Z
sensor.kitchen_esp32_screen_sensor_station_bmp280_pressure,992.223876953125,2026-09-18T23:24:00.099Z
sensor.kitchen_esp32_screen_sensor_station_bmp280_pressure,992.221008300781,2026-09-18T23:24:59.959Z
sensor.kitchen_esp32_screen_sensor_station_bmp280_pressure,992.180297851562,2026-09-18T23:26:01.340Z
sensor.kitchen_esp32_screen_sensor_station_bmp280_pressure,992.208129882812,2026-09-18T23:26:59.963Z
sensor.kitchen_esp32_screen_sensor_station_bmp280_pressure,992.230163574219,2026-09-18T23:27:59.954Z
sensor.kitchen_esp32_screen_sensor_station_bmp280_pressure,992.214538574219,2026-09-18T23:28:59.998Z
sensor.kitchen_esp32_screen_sensor_station_bmp280_pressure,992.229675292969,2026-09-18T23:29:59.959Z
sensor.kitchen_esp32_screen_sensor_station_bmp280_pressure,992.234069824219,2026-09-18T23:30:59.961Z
sensor.kitchen_esp32_screen_sensor_station_bmp280_pressure,992.185913085938,2026-09-18T23:31:59.976Z
sensor.kitchen_esp32_screen_sensor_station_bmp280_pressure,992.293701171875,2026-09-18T23:32:59.956Z
sensor.kitchen_esp32_screen_sensor_station_bmp280_pressure,992.333435058594,2026-09-18T23:33:59.962Z
sensor.kitchen_esp32_screen_sensor_station_bmp280_pressure,992.365600585938,2026-09-18T23:34:59.955Z
sensor.kitchen_esp32_screen_sensor_station_bmp280_pressure,992.357971191406,2026-09-18T23:35:59.967Z
sensor.kitchen_esp32_screen_sensor_station_bmp280_pressure,992.387573242188,2026-09-18T23:37:01.431Z
sensor.kitchen_esp32_screen_sensor_station_bmp280_pressure,992.408142089844,2026-09-18T23:37:59.961Z
sensor.kitchen_esp32_screen_sensor_station_bmp280_pressure,992.465759277344,2026-09-18T23:38:59.960Z
sensor.kitchen_esp32_screen_sensor_station_bmp280_pressure,992.510803222656,2026-09-18T23:39:59.975Z
sensor.kitchen_esp32_screen_sensor_station_bmp280_pressure,992.440307617188,2026-09-18T23:40:59.967Z
sensor.kitchen_esp32_screen_sensor_station_bmp280_pressure,992.418579101562,2026-09-18T23:41:59.993Z
sensor.kitchen_esp32_screen_sensor_station_bmp280_pressure,992.455627441406,2026-09-18T23:42:59.981Z
sensor.kitchen_esp32_screen_sensor_station_bmp280_pressure,992.473571777344,2026-09-18T23:43:59.959Z
sensor.kitchen_esp32_screen_sensor_station_bmp280_pressure,992.487487792969,2026-09-18T23:44:59.958Z
sensor.kitchen_esp32_screen_sensor_station_bmp280_pressure,992.483764648438,2026-09-18T23:45:59.960Z
sensor.kitchen_esp32_screen_sensor_station_bmp280_pressure,992.413818359375,2026-09-18T23:46:59.979Z
sensor.kitchen_esp32_screen_sensor_station_bmp280_pressure,992.506103515625,2026-09-18T23:47:59.965Z
sensor.kitchen_esp32_screen_sensor_station_bmp280_pressure,992.436889648438,2026-09-18T23:49:01.438Z
sensor.kitchen_esp32_screen_sensor_station_bmp280_pressure,992.361572265625,2026-09-18T23:49:59.966Z
sensor.kitchen_esp32_screen_sensor_station_bmp280_pressure,992.283569335938,2026-09-18T23:50:59.965Z
sensor.kitchen_esp32_screen_sensor_station_bmp280_pressure,992.353271484375,2026-09-18T23:51:59.960Z
sensor.kitchen_esp32_screen_sensor_station_bmp280_pressure,992.397521972656,2026-09-18T23:52:59.959Z
sensor.kitchen_esp32_screen_sensor_station_bmp280_pressure,992.394836425781,2026-09-18T23:53:59.960Z
sensor.kitchen_esp32_screen_sensor_station_bmp280_pressure,992.427001953125,2026-09-18T23:54:59.964Z
sensor.kitchen_esp32_screen_sensor_station_bmp280_pressure,992.385803222656,2026-09-18T23:55:59.957Z
sensor.kitchen_esp32_screen_sensor_station_bmp280_pressure,992.430908203125,2026-09-18T23:56:59.969Z
sensor.kitchen_esp32_screen_sensor_station_bmp280_pressure,992.447509765625,2026-09-18T23:58:01.475Z
sensor.kitchen_esp32_screen_sensor_station_bmp280_pressure,992.463745117188,2026-09-18T23:58:59.964Z
sensor.kitchen_esp32_screen_sensor_station_bmp280_pressure,992.368041992188,2026-09-18T23:59:59.958Z
sensor.kitchen_esp32_screen_sensor_station_bmp280_pressure,992.340942382812,2026-09-19T00:00:59.956Z
sensor.kitchen_esp32_screen_sensor_station_bmp280_pressure,992.294189453125,2026-09-19T00:01:59.968Z
sensor.kitchen_esp32_screen_sensor_station_bmp280_pressure,992.302124023438,2026-09-19T00:02:59.956Z
sensor.kitchen_esp32_screen_sensor_station_bmp280_pressure,992.254272460938,2026-09-19T00:03:59.991Z
sensor.kitchen_esp32_screen_sensor_station_bmp280_pressure,992.262634277344,2026-09-19T00:04:59.965Z
sensor.kitchen_esp32_screen_sensor_station_bmp280_pressure,992.244384765625,2026-09-19T00:05:59.969Z
sensor.kitchen_esp32_screen_sensor_station_bmp280_pressure,992.197509765625,2026-09-19T00:06:59.961Z
sensor.kitchen_esp32_screen_sensor_station_bmp280_pressure,992.210754394531,2026-09-19T00:08:01.528Z
sensor.kitchen_esp32_screen_sensor_station_bmp280_pressure,992.190612792969,2026-09-19T00:08:59.962Z
sensor.kitchen_esp32_screen_sensor_station_bmp280_pressure,992.245544433594,2026-09-19T00:09:59.957Z
sensor.kitchen_esp32_screen_sensor_station_bmp280_pressure,992.237487792969,2026-09-19T00:10:59.969Z
sensor.kitchen_esp32_screen_sensor_station_bmp280_pressure,992.186096191406,2026-09-19T00:11:59.961Z
sensor.kitchen_esp32_screen_sensor_station_bmp280_pressure,992.151245117188,2026-09-19T00:12:59.958Z
sensor.kitchen_esp32_screen_sensor_station_bmp280_pressure,992.148498535156,2026-09-19T00:13:59.965Z
sensor.kitchen_esp32_screen_sensor_station_bmp280_pressure,992.143188476562,2026-09-19T00:14:59.958Z
sensor.kitchen_esp32_screen_sensor_station_bmp280_pressure,992.117431640625,2026-09-19T00:15:59.957Z
sensor.kitchen_esp32_screen_sensor_station_bmp280_pressure,992.075134277344,2026-09-19T00:16:59.981Z
sensor.kitchen_esp32_screen_sensor_station_bmp280_pressure,992.041564941406,2026-09-19T00:17:59.961Z
sensor.kitchen_esp32_screen_sensor_station_bmp280_pressure,991.996276855469,2026-09-19T00:18:59.960Z
sensor.kitchen_esp32_screen_sensor_station_bmp280_pressure,991.99658203125,2026-09-19T00:20:01.581Z
sensor.kitchen_esp32_screen_sensor_station_bmp280_pressure,992.014404296875,2026-09-19T00:21:01.586Z
sensor.kitchen_esp32_screen_sensor_station_bmp280_pressure,992.029357910156,2026-09-19T00:22:01.593Z
sensor.kitchen_esp32_screen_sensor_station_bmp280_pressure,992.034851074219,2026-09-19T00:22:59.971Z
sensor.kitchen_esp32_screen_sensor_station_bmp280_pressure,992.038146972656,2026-09-19T00:24:00.012Z
sensor.kitchen_esp32_screen_sensor_station_bmp280_pressure,992.077209472656,2026-09-19T00:25:01.111Z
sensor.kitchen_esp32_screen_sensor_station_bmp280_pressure,992.025146484375,2026-09-19T00:25:59.971Z
sensor.kitchen_esp32_screen_sensor_station_bmp280_pressure,992.066101074219,2026-09-19T00:26:59.969Z
sensor.kitchen_esp32_screen_sensor_station_bmp280_pressure,992.028564453125,2026-09-19T00:27:59.968Z
sensor.kitchen_esp32_screen_sensor_station_bmp280_pressure,992.090759277344,2026-09-19T00:28:59.961Z
sensor.kitchen_esp32_screen_sensor_station_bmp280_pressure,992.093994140625,2026-09-19T00:29:59.985Z
sensor.kitchen_esp32_screen_sensor_station_bmp280_pressure,992.049560546875,2026-09-19T00:30:59.957Z
sensor.kitchen_esp32_screen_sensor_station_bmp280_pressure,992.101867675781,2026-09-19T00:31:59.969Z
sensor.kitchen_esp32_screen_sensor_station_bmp280_pressure,992.097473144531,2026-09-19T00:32:59.963Z
sensor.kitchen_esp32_screen_sensor_station_bmp280_pressure,992.127136230469,2026-09-19T00:33:59.967Z
sensor.kitchen_esp32_screen_sensor_station_bmp280_pressure,992.096435546875,2026-09-19T00:34:59.971Z
sensor.kitchen_esp32_screen_sensor_station_bmp280_pressure,992.072265625,2026-09-19T00:35:59.959Z
sensor.kitchen_esp32_screen_sensor_station_bmp280_pressure,992.068603515625,2026-09-19T00:36:59.968Z
sensor.kitchen_esp32_screen_sensor_station_bmp280_pressure,992.021728515625,2026-09-19T00:37:59.959Z
sensor.kitchen_esp32_screen_sensor_station_bmp280_pressure,992.030334472656,2026-09-19T00:38:59.966Z
sensor.kitchen_esp32_screen_sensor_station_bmp280_pressure,992.044189453125,2026-09-19T00:39:59.966Z
sensor.kitchen_esp32_screen_sensor_station_bmp280_pressure,992.043273925781,2026-09-19T00:40:59.962Z
sensor.kitchen_esp32_screen_sensor_station_bmp280_pressure,992.044067382812,2026-09-19T00:41:59.967Z
sensor.kitchen_esp32_screen_sensor_station_bmp280_pressure,992.028442382812,2026-09-19T00:42:59.990Z
sensor.kitchen_esp32_screen_sensor_station_bmp280_pressure,992.024291992188,2026-09-19T00:43:59.957Z
sensor.kitchen_esp32_screen_sensor_station_bmp280_pressure,992.013916015625,2026-09-19T00:44:59.974Z
sensor.kitchen_esp32_screen_sensor_station_bmp280_pressure,992.007507324219,2026-09-19T00:45:59.964Z
sensor.kitchen_esp32_screen_sensor_station_bmp280_pressure,992.064514160156,2026-09-19T00:46:59.964Z
sensor.kitchen_esp32_screen_sensor_station_bmp280_pressure,992.165649414062,2026-09-19T00:48:01.206Z
sensor.kitchen_esp32_screen_sensor_station_bmp280_pressure,992.131408691406,2026-09-19T00:49:00.001Z
sensor.kitchen_esp32_screen_sensor_station_bmp280_pressure,992.207946777344,2026-09-19T00:49:59.982Z
sensor.kitchen_esp32_screen_sensor_station_bmp280_pressure,992.250915527344,2026-09-19T00:50:59.966Z
sensor.kitchen_esp32_screen_sensor_station_bmp280_pressure,992.231384277344,2026-09-19T00:51:59.977Z
sensor.kitchen_esp32_screen_sensor_station_bmp280_pressure,992.247985839844,2026-09-19T00:53:00.028Z
sensor.kitchen_esp32_screen_sensor_station_bmp280_pressure,992.282409667969,2026-09-19T00:54:00.002Z
sensor.kitchen_esp32_screen_sensor_station_bmp280_pressure,992.293579101562,2026-09-19T00:55:01.260Z
sensor.kitchen_esp32_screen_sensor_station_bmp280_pressure,992.342407226562,2026-09-19T00:55:59.974Z
sensor.kitchen_esp32_screen_sensor_station_bmp280_pressure,992.342163085938,2026-09-19T00:57:00.023Z
sensor.kitchen_esp32_screen_sensor_station_bmp280_pressure,992.298278808594,2026-09-19T00:57:59.978Z
sensor.kitchen_esp32_screen_sensor_station_bmp280_pressure,992.372314453125,2026-09-19T00:59:01.255Z
sensor.kitchen_esp32_screen_sensor_station_bmp280_pressure,992.334777832031,2026-09-19T00:59:59.986Z
sensor.kitchen_esp32_screen_sensor_station_bmp280_pressure,992.312683105469,2026-09-19T01:00:59.979Z
sensor.kitchen_esp32_screen_sensor_station_bmp280_pressure,992.334716796875,2026-09-19T01:01:59.975Z
sensor.kitchen_esp32_screen_sensor_station_bmp280_pressure,992.418884277344,2026-09-19T01:02:59.969Z
sensor.kitchen_esp32_screen_sensor_station_bmp280_pressure,992.371704101562,2026-09-19T01:03:59.967Z
sensor.kitchen_esp32_screen_sensor_station_bmp280_pressure,992.355834960938,2026-09-19T01:04:59.974Z
sensor.kitchen_esp32_screen_sensor_station_bmp280_pressure,992.326782226562,2026-09-19T01:05:59.976Z
sensor.kitchen_esp32_screen_sensor_station_bmp280_pressure,992.308898925781,2026-09-19T01:06:59.985Z
sensor.kitchen_esp32_screen_sensor_station_bmp280_pressure,992.33544921875,2026-09-19T01:07:59.991Z
sensor.kitchen_esp32_screen_sensor_station_bmp280_pressure,992.320861816406,2026-09-19T01:08:59.974Z
sensor.kitchen_esp32_screen_sensor_station_bmp280_pressure,992.30859375,2026-09-19T01:09:59.976Z
sensor.kitchen_esp32_screen_sensor_station_bmp280_pressure,992.333984375,2026-09-19T01:10:59.987Z
sensor.kitchen_esp32_screen_sensor_station_bmp280_pressure,992.400939941406,2026-09-19T01:12:01.312Z
sensor.kitchen_esp32_screen_sensor_station_bmp280_pressure,992.422668457031,2026-09-19T01:12:59.987Z
sensor.kitchen_esp32_screen_sensor_station_bmp280_pressure,992.395629882812,2026-09-19T01:13:59.966Z
sensor.kitchen_esp32_screen_sensor_station_bmp280_pressure,992.416320800781,2026-09-19T01:14:59.983Z
sensor.kitchen_esp32_screen_sensor_station_bmp280_pressure,992.407836914062,2026-09-19T01:16:00.002Z
sensor.kitchen_esp32_screen_sensor_station_bmp280_pressure,992.40380859375,2026-09-19T01:16:59.973Z
sensor.kitchen_esp32_screen_sensor_station_bmp280_pressure,992.431457519531,2026-09-19T01:18:00.004Z
sensor.kitchen_esp32_screen_sensor_station_bmp280_pressure,992.471252441406,2026-09-19T01:18:59.974Z
sensor.kitchen_esp32_screen_sensor_station_bmp280_pressure,992.427551269531,2026-09-19T01:19:59.995Z
sensor.kitchen_esp32_screen_sensor_station_bmp280_pressure,992.447204589844,2026-09-19T01:20:59.994Z
sensor.kitchen_esp32_screen_sensor_station_bmp280_pressure,992.485961914062,2026-09-19T01:21:59.974Z
sensor.kitchen_esp32_screen_sensor_station_bmp280_pressure,992.420654296875,2026-09-19T01:23:00.034Z
sensor.kitchen_esp32_screen_sensor_station_bmp280_pressure,992.476867675781,2026-09-19T01:24:00.004Z
sensor.kitchen_esp32_screen_sensor_station_bmp280_pressure,992.435913085938,2026-09-19T01:24:59.985Z
sensor.kitchen_esp32_screen_sensor_station_bmp280_pressure,992.450622558594,2026-09-19T01:25:59.974Z
sensor.kitchen_esp32_screen_sensor_station_bmp280_pressure,992.360168457031,2026-09-19T01:26:59.978Z
sensor.kitchen_esp32_screen_sensor_station_bmp280_pressure,992.344360351562,2026-09-19T01:27:59.981Z
sensor.kitchen_esp32_screen_sensor_station_bmp280_pressure,992.385986328125,2026-09-19T01:28:59.989Z
sensor.kitchen_esp32_screen_sensor_station_bmp280_pressure,992.385498046875,2026-09-19T01:29:59.977Z
sensor.kitchen_esp32_screen_sensor_station_bmp280_pressure,992.366638183594,2026-09-19T01:30:59.978Z
sensor.kitchen_esp32_screen_sensor_station_bmp280_pressure,992.38671875,2026-09-19T01:32:01.380Z
sensor.kitchen_esp32_screen_sensor_station_bmp280_pressure,992.316040039062,2026-09-19T01:32:59.993Z
sensor.kitchen_esp32_screen_sensor_station_bmp280_pressure,992.301879882812,2026-09-19T01:33:59.970Z
sensor.kitchen_esp32_screen_sensor_station_bmp280_pressure,992.340087890625,2026-09-19T01:35:00.026Z
sensor.kitchen_esp32_screen_sensor_station_bmp280_pressure,992.320129394531,2026-09-19T01:36:00.018Z
sensor.kitchen_esp32_screen_sensor_station_bmp280_pressure,992.372985839844,2026-09-19T01:36:59.987Z
sensor.kitchen_esp32_screen_sensor_station_bmp280_pressure,992.380615234375,2026-09-19T01:37:59.973Z
sensor.kitchen_esp32_screen_sensor_station_bmp280_pressure,992.350402832031,2026-09-19T01:38:59.969Z
sensor.kitchen_esp32_screen_sensor_station_bmp280_pressure,992.337158203125,2026-09-19T01:39:59.963Z
sensor.kitchen_esp32_screen_sensor_station_bmp280_pressure,992.304443359375,2026-09-19T01:40:59.977Z
sensor.kitchen_esp32_screen_sensor_station_bmp280_pressure,992.272888183594,2026-09-19T01:41:59.974Z
sensor.kitchen_esp32_screen_sensor_station_bmp280_pressure,992.293884277344,2026-09-19T01:42:59.977Z
sensor.kitchen_esp32_screen_sensor_station_bmp280_pressure,992.341735839844,2026-09-19T01:43:59.972Z
sensor.kitchen_esp32_screen_sensor_station_bmp280_pressure,992.311950683594,2026-09-19T01:44:59.965Z
sensor.kitchen_esp32_screen_sensor_station_bmp280_pressure,992.294860839844,2026-09-19T01:45:59.968Z
sensor.kitchen_esp32_screen_sensor_station_bmp280_pressure,992.312194824219,2026-09-19T01:46:59.974Z
sensor.kitchen_esp32_screen_sensor_station_bmp280_pressure,992.266174316406,2026-09-19T01:47:59.963Z
sensor.kitchen_esp32_screen_sensor_station_bmp280_pressure,992.264831542969,2026-09-19T01:48:59.968Z
sensor.kitchen_esp32_screen_sensor_station_bmp280_pressure,992.261108398438,2026-09-19T01:49:59.980Z
sensor.kitchen_esp32_screen_sensor_station_bmp280_pressure,992.251708984375,2026-09-19T01:50:59.969Z
sensor.kitchen_esp32_screen_sensor_station_bmp280_pressure,992.253173828125,2026-09-19T01:51:59.967Z
sensor.kitchen_esp32_screen_sensor_station_bmp280_pressure,992.277648925781,2026-09-19T01:53:01.500Z
sensor.kitchen_esp32_screen_sensor_station_bmp280_pressure,992.317810058594,2026-09-19T01:53:59.989Z
sensor.kitchen_esp32_screen_sensor_station_bmp280_pressure,992.337097167969,2026-09-19T01:54:59.976Z
sensor.kitchen_esp32_screen_sensor_station_bmp280_pressure,992.318969726562,2026-09-19T01:55:59.968Z
sensor.kitchen_esp32_screen_sensor_station_bmp280_pressure,992.34423828125,2026-09-19T01:56:59.968Z
sensor.kitchen_esp32_screen_sensor_station_bmp280_pressure,992.360229492188,2026-09-19T01:57:59.962Z
sensor.kitchen_esp32_screen_sensor_station_bmp280_pressure,992.350158691406,2026-09-19T01:58:59.966Z
sensor.kitchen_esp32_screen_sensor_station_bmp280_pressure,992.356628417969,2026-09-19T01:59:59.978Z
sensor.kitchen_esp32_screen_sensor_station_bmp280_pressure,992.375610351562,2026-09-19T02:00:59.969Z
sensor.kitchen_esp32_screen_sensor_station_bmp280_pressure,992.340148925781,2026-09-19T02:01:59.972Z
sensor.kitchen_esp32_screen_sensor_station_bmp280_pressure,992.342651367188,2026-09-19T02:02:59.972Z
sensor.kitchen_esp32_screen_sensor_station_bmp280_pressure,992.327087402344,2026-09-19T02:03:59.983Z
sensor.kitchen_esp32_screen_sensor_station_bmp280_pressure,992.316223144531,2026-09-19T02:04:59.972Z
sensor.kitchen_esp32_screen_sensor_station_bmp280_pressure,992.289855957031,2026-09-19T02:05:59.975Z
sensor.kitchen_esp32_screen_sensor_station_bmp280_pressure,992.22314453125,2026-09-19T02:06:59.979Z
sensor.kitchen_esp32_screen_sensor_station_bmp280_pressure,992.270263671875,2026-09-19T02:07:59.970Z
sensor.kitchen_esp32_screen_sensor_station_bmp280_pressure,992.289672851562,2026-09-19T02:08:59.977Z
sensor.kitchen_esp32_screen_sensor_station_bmp280_pressure,992.297058105469,2026-09-19T02:09:59.982Z
sensor.kitchen_esp32_screen_sensor_station_bmp280_pressure,992.306579589844,2026-09-19T02:10:59.981Z
sensor.kitchen_esp32_screen_sensor_station_bmp280_pressure,992.319580078125,2026-09-19T02:11:59.977Z
sensor.kitchen_esp32_screen_sensor_station_bmp280_pressure,992.335144042969,2026-09-19T02:12:59.989Z
sensor.kitchen_esp32_screen_sensor_station_bmp280_pressure,992.356506347656,2026-09-19T02:13:59.971Z
sensor.kitchen_esp32_screen_sensor_station_bmp280_pressure,992.299072265625,2026-09-19T02:14:59.987Z
sensor.kitchen_esp32_screen_sensor_station_bmp280_pressure,992.323364257812,2026-09-19T02:15:59.986Z
sensor.kitchen_esp32_screen_sensor_station_bmp280_pressure,992.32421875,2026-09-19T02:16:59.976Z
sensor.kitchen_esp32_screen_sensor_station_bmp280_pressure,992.311279296875,2026-09-19T02:17:59.985Z
sensor.kitchen_esp32_screen_sensor_station_bmp280_pressure,992.250549316406,2026-09-19T02:18:59.969Z
sensor.kitchen_esp32_screen_sensor_station_bmp280_pressure,992.224548339844,2026-09-19T02:19:59.975Z
sensor.kitchen_esp32_screen_sensor_station_bmp280_pressure,992.240966796875,2026-09-19T02:20:59.970Z
sensor.kitchen_esp32_screen_sensor_station_bmp280_pressure,992.275329589844,2026-09-19T02:21:59.986Z
sensor.kitchen_esp32_screen_sensor_station_bmp280_pressure,992.224243164062,2026-09-19T02:22:59.975Z
sensor.kitchen_esp32_screen_sensor_station_bmp280_pressure,992.21533203125,2026-09-19T02:23:59.973Z
sensor.kitchen_esp32_screen_sensor_station_bmp280_pressure,992.22802734375,2026-09-19T02:24:59.977Z
sensor.kitchen_esp32_screen_sensor_station_bmp280_pressure,992.26611328125,2026-09-19T02:25:59.979Z
sensor.kitchen_esp32_screen_sensor_station_bmp280_pressure,992.262512207031,2026-09-19T02:26:59.975Z
sensor.kitchen_esp32_screen_sensor_station_bmp280_pressure,992.238891601562,2026-09-19T02:27:59.977Z
sensor.kitchen_esp32_screen_sensor_station_bmp280_pressure,992.236022949219,2026-09-19T02:28:59.970Z
sensor.kitchen_esp32_screen_sensor_station_bmp280_pressure,992.241455078125,2026-09-19T02:29:59.972Z
sensor.kitchen_esp32_screen_sensor_station_bmp280_pressure,992.223205566406,2026-09-19T02:30:59.980Z
sensor.kitchen_esp32_screen_sensor_station_bmp280_pressure,992.199279785156,2026-09-19T02:31:59.988Z
sensor.kitchen_esp32_screen_sensor_station_bmp280_pressure,992.21923828125,2026-09-19T02:32:59.979Z
sensor.kitchen_esp32_screen_sensor_station_bmp280_pressure,992.178894042969,2026-09-19T02:33:59.974Z
sensor.kitchen_esp32_screen_sensor_station_bmp280_pressure,992.1875,2026-09-19T02:34:59.970Z
sensor.kitchen_esp32_screen_sensor_station_bmp280_pressure,992.164611816406,2026-09-19T02:35:59.972Z
sensor.kitchen_esp32_screen_sensor_station_bmp280_pressure,992.149353027344,2026-09-19T02:36:59.980Z
sensor.kitchen_esp32_screen_sensor_station_bmp280_pressure,992.114685058594,2026-09-19T02:37:59.987Z
sensor.kitchen_esp32_screen_sensor_station_bmp280_pressure,992.08642578125,2026-09-19T02:38:59.974Z
sensor.kitchen_esp32_screen_sensor_station_bmp280_pressure,992.031616210938,2026-09-19T02:39:59.974Z
sensor.kitchen_esp32_screen_sensor_station_bmp280_pressure,992.065185546875,2026-09-19T02:40:59.968Z
sensor.kitchen_esp32_screen_sensor_station_bmp280_pressure,992.061401367188,2026-09-19T02:41:59.979Z
sensor.kitchen_esp32_screen_sensor_station_bmp280_pressure,992.027404785156,2026-09-19T02:42:59.984Z
sensor.kitchen_esp32_screen_sensor_station_bmp280_pressure,991.997985839844,2026-09-19T02:43:59.978Z
sensor.kitchen_esp32_screen_sensor_station_bmp280_pressure,992.024841308594,2026-09-19T02:44:59.976Z
sensor.kitchen_esp32_screen_sensor_station_bmp280_pressure,992.042053222656,2026-09-19T02:45:59.997Z
sensor.kitchen_esp32_screen_sensor_station_bmp280_pressure,992.023376464844,2026-09-19T02:46:59.972Z
sensor.kitchen_esp32_screen_sensor_station_bmp280_pressure,991.993408203125,2026-09-19T02:47:59.981Z
sensor.kitchen_esp32_screen_sensor_station_bmp280_pressure,991.985473632812,2026-09-19T02:48:59.982Z
sensor.kitchen_esp32_screen_sensor_station_bmp280_pressure,991.90966796875,2026-09-19T02:49:59.975Z
sensor.kitchen_esp32_screen_sensor_station_bmp280_pressure,991.8828125,2026-09-19T02:50:59.977Z
sensor.kitchen_esp32_screen_sensor_station_bmp280_pressure,991.849548339844,2026-09-19T02:51:59.984Z
sensor.kitchen_esp32_screen_sensor_station_bmp280_pressure,991.869873046875,2026-09-19T02:52:59.986Z
sensor.kitchen_esp32_screen_sensor_station_bmp280_pressure,991.869201660156,2026-09-19T02:53:59.982Z
sensor.kitchen_esp32_screen_sensor_station_bmp280_pressure,991.864685058594,2026-09-19T02:54:59.971Z
sensor.kitchen_esp32_screen_sensor_station_bmp280_pressure,991.803466796875,2026-09-19T02:55:59.974Z
sensor.kitchen_esp32_screen_sensor_station_bmp280_pressure,991.739929199219,2026-09-19T02:57:00.016Z
sensor.kitchen_esp32_screen_sensor_station_bmp280_pressure,991.7890625,2026-09-19T02:57:59.984Z
sensor.kitchen_esp32_screen_sensor_station_bmp280_pressure,991.739501953125,2026-09-19T02:58:59.981Z
sensor.kitchen_esp32_screen_sensor_station_bmp280_pressure,991.766845703125,2026-09-19T02:59:59.975Z
sensor.kitchen_esp32_screen_sensor_station_bmp280_pressure,991.783386230469,2026-09-19T03:00:59.979Z
sensor.kitchen_esp32_screen_sensor_station_bmp280_pressure,991.79638671875,2026-09-19T03:01:59.974Z
sensor.kitchen_esp32_screen_sensor_station_bmp280_pressure,991.814208984375,2026-09-19T03:02:59.983Z
sensor.kitchen_esp32_screen_sensor_station_bmp280_pressure,991.795654296875,2026-09-19T03:03:59.983Z
sensor.kitchen_esp32_screen_sensor_station_bmp280_pressure,991.82861328125,2026-09-19T03:04:59.978Z
sensor.kitchen_esp32_screen_sensor_station_bmp280_pressure,991.837036132812,2026-09-19T03:05:59.980Z
sensor.kitchen_esp32_screen_sensor_station_bmp280_pressure,991.824462890625,2026-09-19T03:06:59.987Z
sensor.kitchen_esp32_screen_sensor_station_bmp280_pressure,991.731628417969,2026-09-19T03:07:59.986Z
sensor.kitchen_esp32_screen_sensor_station_bmp280_pressure,991.761474609375,2026-09-19T03:08:59.993Z
sensor.kitchen_esp32_screen_sensor_station_bmp280_pressure,991.808410644531,2026-09-19T03:09:59.977Z
sensor.kitchen_esp32_screen_sensor_station_bmp280_pressure,991.780944824219,2026-09-19T03:10:59.986Z
sensor.kitchen_esp32_screen_sensor_station_bmp280_pressure,991.764526367188,2026-09-19T03:11:59.975Z
sensor.kitchen_esp32_screen_sensor_station_bmp280_pressure,991.78466796875,2026-09-19T03:12:59.980Z
sensor.kitchen_esp32_screen_sensor_station_bmp280_pressure,991.738464355469,2026-09-19T03:13:59.979Z
sensor.kitchen_esp32_screen_sensor_station_bmp280_pressure,991.732788085938,2026-09-19T03:14:59.976Z
sensor.kitchen_esp32_screen_sensor_station_bmp280_pressure,991.698364257812,2026-09-19T03:15:59.981Z
sensor.kitchen_esp32_screen_sensor_station_bmp280_pressure,991.725952148438,2026-09-19T03:16:59.977Z
sensor.kitchen_esp32_screen_sensor_station_bmp280_pressure,991.686096191406,2026-09-19T03:17:59.978Z
sensor.kitchen_esp32_screen_sensor_station_bmp280_pressure,991.688049316406,2026-09-19T03:18:59.985Z
sensor.kitchen_esp32_screen_sensor_station_bmp280_pressure,991.689086914062,2026-09-19T03:19:59.976Z
sensor.kitchen_esp32_screen_sensor_station_bmp280_pressure,991.62890625,2026-09-19T03:20:59.986Z
sensor.kitchen_esp32_screen_sensor_station_bmp280_pressure,991.67529296875,2026-09-19T03:21:59.978Z
sensor.kitchen_esp32_screen_sensor_station_bmp280_pressure,991.60791015625,2026-09-19T03:22:59.977Z
sensor.kitchen_esp32_screen_sensor_station_bmp280_pressure,991.601867675781,2026-09-19T03:23:59.983Z
sensor.kitchen_esp32_screen_sensor_station_bmp280_pressure,991.583618164062,2026-09-19T03:25:00.017Z
sensor.kitchen_esp32_screen_sensor_station_bmp280_pressure,991.594970703125,2026-09-19T03:25:59.982Z
sensor.kitchen_esp32_screen_sensor_station_bmp280_pressure,991.590698242188,2026-09-19T03:26:59.986Z
sensor.kitchen_esp32_screen_sensor_station_bmp280_pressure,991.569519042969,2026-09-19T03:27:59.989Z
sensor.kitchen_esp32_screen_sensor_station_bmp280_pressure,991.589050292969,2026-09-19T03:28:59.991Z
sensor.kitchen_esp32_screen_sensor_station_bmp280_pressure,991.57080078125,2026-09-19T03:29:59.973Z
sensor.kitchen_esp32_screen_sensor_station_bmp280_pressure,991.574523925781,2026-09-19T03:30:59.977Z
sensor.kitchen_esp32_screen_sensor_station_bmp280_pressure,991.544067382812,2026-09-19T03:31:59.990Z
sensor.kitchen_esp32_screen_sensor_station_bmp280_pressure,991.522338867188,2026-09-19T03:32:59.981Z
sensor.kitchen_esp32_screen_sensor_station_bmp280_pressure,991.5078125,2026-09-19T03:33:59.978Z
sensor.kitchen_esp32_screen_sensor_station_bmp280_pressure,991.489868164062,2026-09-19T03:34:59.990Z
sensor.kitchen_esp32_screen_sensor_station_bmp280_pressure,991.593933105469,2026-09-19T03:35:59.977Z
sensor.kitchen_esp32_screen_sensor_station_bmp280_pressure,991.52880859375,2026-09-19T03:37:00.003Z
sensor.kitchen_esp32_screen_sensor_station_bmp280_pressure,991.559692382812,2026-09-19T03:37:59.983Z
sensor.kitchen_esp32_screen_sensor_station_bmp280_pressure,991.563720703125,2026-09-19T03:38:59.978Z
sensor.kitchen_esp32_screen_sensor_station_bmp280_pressure,991.567626953125,2026-09-19T03:39:59.986Z
sensor.kitchen_esp32_screen_sensor_station_bmp280_pressure,991.5390625,2026-09-19T03:40:59.979Z
sensor.kitchen_esp32_screen_sensor_station_bmp280_pressure,991.490295410156,2026-09-19T03:41:59.977Z
sensor.kitchen_esp32_screen_sensor_station_bmp280_pressure,991.52880859375,2026-09-19T03:43:00.023Z
sensor.kitchen_esp32_screen_sensor_station_bmp280_pressure,991.557739257812,2026-09-19T03:43:59.983Z
sensor.kitchen_esp32_screen_sensor_station_bmp280_pressure,991.546142578125,2026-09-19T03:44:59.984Z
sensor.kitchen_esp32_screen_sensor_station_bmp280_pressure,991.565002441406,2026-09-19T03:45:59.990Z
sensor.kitchen_esp32_screen_sensor_station_bmp280_pressure,991.541381835938,2026-09-19T03:46:59.978Z
sensor.kitchen_esp32_screen_sensor_station_bmp280_pressure,991.506713867188,2026-09-19T03:47:59.977Z
sensor.kitchen_esp32_screen_sensor_station_bmp280_pressure,991.518310546875,2026-09-19T03:48:59.983Z
sensor.kitchen_esp32_screen_sensor_station_bmp280_pressure,991.564208984375,2026-09-19T03:49:59.976Z
sensor.kitchen_esp32_screen_sensor_station_bmp280_pressure,991.514587402344,2026-09-19T03:50:59.990Z
sensor.kitchen_esp32_screen_sensor_station_bmp280_pressure,991.533386230469,2026-09-19T03:52:00.011Z
sensor.kitchen_esp32_screen_sensor_station_bmp280_pressure,991.514526367188,2026-09-19T03:52:59.988Z
sensor.kitchen_esp32_screen_sensor_station_bmp280_pressure,991.55126953125,2026-09-19T03:53:59.986Z
sensor.kitchen_esp32_screen_sensor_station_bmp280_pressure,991.537963867188,2026-09-19T03:54:59.983Z
sensor.kitchen_esp32_screen_sensor_station_bmp280_pressure,991.516174316406,2026-09-19T03:55:59.976Z
sensor.kitchen_esp32_screen_sensor_station_bmp280_pressure,991.55029296875,2026-09-19T03:56:59.983Z
sensor.kitchen_esp32_screen_sensor_station_bmp280_pressure,991.529541015625,2026-09-19T03:57:59.978Z
sensor.kitchen_esp32_screen_sensor_station_bmp280_pressure,991.528137207031,2026-09-19T03:58:59.982Z
sensor.kitchen_esp32_screen_sensor_station_bmp280_pressure,991.50634765625,2026-09-19T03:59:59.978Z
sensor.kitchen_esp32_screen_sensor_station_bmp280_pressure,991.504699707031,2026-09-19T04:00:59.986Z
sensor.kitchen_esp32_screen_sensor_station_bmp280_pressure,991.462829589844,2026-09-19T04:01:59.983Z
sensor.kitchen_esp32_screen_sensor_station_bmp280_pressure,991.493408203125,2026-09-19T04:02:59.978Z
sensor.kitchen_esp32_screen_sensor_station_bmp280_pressure,991.472106933594,2026-09-19T04:03:59.986Z
sensor.kitchen_esp32_screen_sensor_station_bmp280_pressure,991.424926757812,2026-09-19T04:04:59.989Z
sensor.kitchen_esp32_screen_sensor_station_bmp280_pressure,991.450927734375,2026-09-19T04:05:59.988Z
sensor.kitchen_esp32_screen_sensor_station_bmp280_pressure,991.433227539062,2026-09-19T04:06:59.991Z
sensor.kitchen_esp32_screen_sensor_station_bmp280_pressure,991.400024414062,2026-09-19T04:07:59.982Z
sensor.kitchen_esp32_screen_sensor_station_bmp280_pressure,991.361083984375,2026-09-19T04:08:59.988Z
sensor.kitchen_esp32_screen_sensor_station_bmp280_pressure,991.385620117188,2026-09-19T04:09:59.977Z
sensor.kitchen_esp32_screen_sensor_station_bmp280_pressure,991.423889160156,2026-09-19T04:10:59.982Z
sensor.kitchen_esp32_screen_sensor_station_bmp280_pressure,991.395324707031,2026-09-19T04:11:59.986Z
sensor.kitchen_esp32_screen_sensor_station_bmp280_pressure,991.378112792969,2026-09-19T04:12:59.980Z
sensor.kitchen_esp32_screen_sensor_station_bmp280_pressure,991.365417480469,2026-09-19T04:13:59.987Z
sensor.kitchen_esp32_screen_sensor_station_bmp280_pressure,991.402038574219,2026-09-19T04:14:59.991Z
sensor.kitchen_esp32_screen_sensor_station_bmp280_pressure,991.421325683594,2026-09-19T04:15:59.987Z
sensor.kitchen_esp32_screen_sensor_station_bmp280_pressure,991.407043457031,2026-09-19T04:16:59.993Z
sensor.kitchen_esp32_screen_sensor_station_bmp280_pressure,991.393188476562,2026-09-19T04:17:59.980Z
sensor.kitchen_esp32_screen_sensor_station_bmp280_pressure,991.426696777344,2026-09-19T04:18:59.982Z
sensor.kitchen_esp32_screen_sensor_station_bmp280_pressure,991.429992675781,2026-09-19T04:19:59.981Z
sensor.kitchen_esp32_screen_sensor_station_bmp280_pressure,991.419982910156,2026-09-19T04:20:59.980Z
sensor.kitchen_esp32_screen_sensor_station_bmp280_pressure,991.407165527344,2026-09-19T04:21:59.986Z
sensor.kitchen_esp32_screen_sensor_station_bmp280_pressure,991.401245117188,2026-09-19T04:22:59.983Z
sensor.kitchen_esp32_screen_sensor_station_bmp280_pressure,991.367797851562,2026-09-19T04:23:59.994Z
sensor.kitchen_esp32_screen_sensor_station_bmp280_pressure,991.372741699219,2026-09-19T04:24:59.987Z
sensor.kitchen_esp32_screen_sensor_station_bmp280_pressure,991.358154296875,2026-09-19T04:25:59.986Z
sensor.kitchen_esp32_screen_sensor_station_bmp280_pressure,991.3359375,2026-09-19T04:26:59.978Z
sensor.kitchen_esp32_screen_sensor_station_bmp280_pressure,991.275207519531,2026-09-19T04:27:59.988Z
sensor.kitchen_esp32_screen_sensor_station_bmp280_pressure,991.26513671875,2026-09-19T04:28:59.980Z
sensor.kitchen_esp32_screen_sensor_station_bmp280_pressure,991.284851074219,2026-09-19T04:30:00.005Z
sensor.kitchen_esp32_screen_sensor_station_bmp280_pressure,991.267822265625,2026-09-19T04:30:59.979Z
sensor.kitchen_esp32_screen_sensor_station_bmp280_pressure,991.256408691406,2026-09-19T04:31:59.987Z
sensor.kitchen_esp32_screen_sensor_station_bmp280_pressure,991.206237792969,2026-09-19T04:32:59.978Z
sensor.kitchen_esp32_screen_sensor_station_bmp280_pressure,991.108276367188,2026-09-19T04:33:59.992Z
sensor.kitchen_esp32_screen_sensor_station_bmp280_pressure,991.124084472656,2026-09-19T04:34:59.991Z
sensor.kitchen_esp32_screen_sensor_station_bmp280_pressure,991.141723632812,2026-09-19T04:35:59.979Z
sensor.kitchen_esp32_screen_sensor_station_bmp280_pressure,991.072326660156,2026-09-19T04:37:00.003Z
sensor.kitchen_esp32_screen_sensor_station_bmp280_pressure,991.079528808594,2026-09-19T04:37:59.984Z
sensor.kitchen_esp32_screen_sensor_station_bmp280_pressure,991.059509277344,2026-09-19T04:38:59.999Z
sensor.kitchen_esp32_screen_sensor_station_bmp280_pressure,991.072998046875,2026-09-19T04:40:00.022Z
sensor.kitchen_esp32_screen_sensor_station_bmp280_pressure,991.082885742188,2026-09-19T04:40:59.988Z
sensor.kitchen_esp32_screen_sensor_station_bmp280_pressure,991.005310058594,2026-09-19T04:41:59.995Z
sensor.kitchen_esp32_screen_sensor_station_bmp280_pressure,991.006591796875,2026-09-19T04:42:59.992Z
sensor.kitchen_esp32_screen_sensor_station_bmp280_pressure,990.93896484375,2026-09-19T04:43:59.985Z
sensor.kitchen_esp32_screen_sensor_station_bmp280_pressure,990.940490722656,2026-09-19T04:44:59.993Z
sensor.kitchen_esp32_screen_sensor_station_bmp280_pressure,990.937744140625,2026-09-19T04:45:59.997Z
sensor.kitchen_esp32_screen_sensor_station_bmp280_pressure,991.03955078125,2026-09-19T04:46:59.994Z
sensor.kitchen_esp32_screen_sensor_station_bmp280_pressure,990.992004394531,2026-09-19T04:47:59.982Z
sensor.kitchen_esp32_screen_sensor_station_bmp280_pressure,990.993896484375,2026-09-19T04:48:59.993Z
sensor.kitchen_esp32_screen_sensor_station_bmp280_pressure,991.009521484375,2026-09-19T04:49:59.984Z
sensor.kitchen_esp32_screen_sensor_station_bmp280_pressure,990.897644042969,2026-09-19T04:50:59.990Z
sensor.kitchen_esp32_screen_sensor_station_bmp280_pressure,990.927368164062,2026-09-19T04:51:59.990Z
sensor.kitchen_esp32_screen_sensor_station_bmp280_pressure,990.928344726562,2026-09-19T04:53:00.014Z
sensor.kitchen_esp32_screen_sensor_station_bmp280_pressure,990.886535644531,2026-09-19T04:54:00.010Z
sensor.kitchen_esp32_screen_sensor_station_bmp280_pressure,990.908569335938,2026-09-19T04:54:59.988Z
sensor.kitchen_esp32_screen_sensor_station_bmp280_pressure,990.896423339844,2026-09-19T04:56:00.016Z
sensor.kitchen_esp32_screen_sensor_station_bmp280_pressure,990.901000976562,2026-09-19T04:56:59.984Z
sensor.kitchen_esp32_screen_sensor_station_bmp280_pressure,990.962829589844,2026-09-19T04:57:59.994Z
sensor.kitchen_esp32_screen_sensor_station_bmp280_pressure,990.921081542969,2026-09-19T04:58:59.985Z
sensor.kitchen_esp32_screen_sensor_station_bmp280_pressure,990.925048828125,2026-09-19T04:59:59.983Z
sensor.kitchen_esp32_screen_sensor_station_bmp280_pressure,990.930908203125,2026-09-19T05:00:59.990Z
sensor.kitchen_esp32_screen_sensor_station_bmp280_pressure,990.921508789062,2026-09-19T05:01:59.990Z
sensor.kitchen_esp32_screen_sensor_station_bmp280_pressure,990.904296875,2026-09-19T05:02:59.984Z
sensor.kitchen_esp32_screen_sensor_station_bmp280_pressure,990.902038574219,2026-09-19T05:03:59.982Z
sensor.kitchen_esp32_screen_sensor_station_bmp280_pressure,990.954223632812,2026-09-19T05:04:59.994Z
sensor.kitchen_esp32_screen_sensor_station_bmp280_pressure,990.941162109375,2026-09-19T05:05:59.994Z
sensor.kitchen_esp32_screen_sensor_station_bmp280_pressure,990.928344726562,2026-09-19T05:07:00.013Z
sensor.kitchen_esp32_screen_sensor_station_bmp280_pressure,990.907470703125,2026-09-19T05:08:00.006Z
sensor.kitchen_esp32_screen_sensor_station_bmp280_pressure,990.921081542969,2026-09-19T05:09:00.005Z
sensor.kitchen_esp32_screen_sensor_station_bmp280_pressure,990.924987792969,2026-09-19T05:10:00.006Z
sensor.kitchen_esp32_screen_sensor_station_bmp280_pressure,990.874145507812,2026-09-19T05:10:59.999Z
sensor.kitchen_esp32_screen_sensor_station_bmp280_pressure,990.857666015625,2026-09-19T05:12:00.005Z
sensor.kitchen_esp32_screen_sensor_station_bmp280_pressure,990.888732910156,2026-09-19T05:12:59.991Z
sensor.kitchen_esp32_screen_sensor_station_bmp280_pressure,990.783935546875,2026-09-19T05:13:59.999Z
sensor.kitchen_esp32_screen_sensor_station_bmp280_pressure,990.824035644531,2026-09-19T05:14:59.991Z
sensor.kitchen_esp32_screen_sensor_station_bmp280_pressure,990.828918457031,2026-09-19T05:16:00.009Z
sensor.kitchen_esp32_screen_sensor_station_bmp280_pressure,990.793151855469,2026-09-19T05:17:00.006Z
sensor.kitchen_esp32_screen_sensor_station_bmp280_pressure,990.830932617188,2026-09-19T05:17:59.996Z
sensor.kitchen_esp32_screen_sensor_station_bmp280_pressure,990.777038574219,2026-09-19T05:19:00.013Z
sensor.kitchen_esp32_screen_sensor_station_bmp280_pressure,990.692016601562,2026-09-19T05:19:59.996Z
sensor.kitchen_esp32_screen_sensor_station_bmp280_pressure,990.66748046875,2026-09-19T05:21:00.002Z
sensor.kitchen_esp32_screen_sensor_station_bmp280_pressure,990.61376953125,2026-09-19T05:22:00.005Z
sensor.kitchen_esp32_screen_sensor_station_bmp280_pressure,990.623779296875,2026-09-19T05:22:59.998Z
sensor.kitchen_esp32_screen_sensor_station_bmp280_pressure,990.59326171875,2026-09-19T05:23:59.995Z
sensor.kitchen_esp32_screen_sensor_station_bmp280_pressure,990.596557617188,2026-09-19T05:24:59.996Z
sensor.kitchen_esp32_screen_sensor_station_bmp280_pressure,990.614440917969,2026-09-19T05:25:59.986Z
sensor.kitchen_esp32_screen_sensor_station_bmp280_pressure,990.594970703125,2026-09-19T05:26:59.994Z
sensor.kitchen_esp32_screen_sensor_station_bmp280_pressure,990.577026367188,2026-09-19T05:27:59.994Z
sensor.kitchen_esp32_screen_sensor_station_bmp280_pressure,990.478271484375,2026-09-19T05:29:00.008Z
sensor.kitchen_esp32_screen_sensor_station_bmp280_pressure,990.489379882812,2026-09-19T05:29:59.997Z
sensor.kitchen_esp32_screen_sensor_station_bmp280_pressure,990.478149414062,2026-09-19T05:30:59.987Z
sensor.kitchen_esp32_screen_sensor_station_bmp280_pressure,990.456298828125,2026-09-19T05:32:00.000Z
sensor.kitchen_esp32_screen_sensor_station_bmp280_pressure,990.456848144531,2026-09-19T05:32:59.984Z
sensor.kitchen_esp32_screen_sensor_station_bmp280_pressure,990.436279296875,2026-09-19T05:33:59.989Z
sensor.kitchen_esp32_screen_sensor_station_bmp280_pressure,990.372131347656,2026-09-19T05:34:59.996Z
sensor.kitchen_esp32_screen_sensor_station_bmp280_pressure,990.310546875,2026-09-19T05:35:59.998Z
sensor.kitchen_esp32_screen_sensor_station_bmp280_pressure,990.252990722656,2026-09-19T05:36:59.998Z
sensor.kitchen_esp32_screen_sensor_station_bmp280_pressure,990.251953125,2026-09-19T05:37:59.983Z
sensor.kitchen_esp32_screen_sensor_station_bmp280_pressure,990.22607421875,2026-09-19T05:38:59.995Z
sensor.kitchen_esp32_screen_sensor_station_bmp280_pressure,990.259399414062,2026-09-19T05:40:00.003Z
sensor.kitchen_esp32_screen_sensor_station_bmp280_pressure,990.208190917969,2026-09-19T05:40:59.985Z
sensor.kitchen_esp32_screen_sensor_station_bmp280_pressure,990.239990234375,2026-09-19T05:41:59.987Z
sensor.kitchen_esp32_screen_sensor_station_bmp280_pressure,990.236633300781,2026-09-19T05:42:59.996Z
sensor.kitchen_esp32_screen_sensor_station_bmp280_pressure,990.220642089844,2026-09-19T05:43:59.991Z
sensor.kitchen_esp32_screen_sensor_station_bmp280_pressure,990.221740722656,2026-09-19T05:44:59.997Z
sensor.kitchen_esp32_screen_sensor_station_bmp280_pressure,990.243103027344,2026-09-19T05:46:00.051Z
sensor.kitchen_esp32_screen_sensor_station_bmp280_pressure,990.237487792969,2026-09-19T05:47:00.004Z
sensor.kitchen_esp32_screen_sensor_station_bmp280_pressure,990.290771484375,2026-09-19T05:47:59.999Z
sensor.kitchen_esp32_screen_sensor_station_bmp280_pressure,990.286254882812,2026-09-19T05:48:59.992Z
sensor.kitchen_esp32_screen_sensor_station_bmp280_pressure,990.276977539062,2026-09-19T05:50:00.002Z
sensor.kitchen_esp32_screen_sensor_station_bmp280_pressure,990.311096191406,2026-09-19T05:50:59.984Z
sensor.kitchen_esp32_screen_sensor_station_bmp280_pressure,990.291076660156,2026-09-19T05:51:59.989Z
sensor.kitchen_esp32_screen_sensor_station_bmp280_pressure,990.221740722656,2026-09-19T05:52:59.996Z
sensor.kitchen_esp32_screen_sensor_station_bmp280_pressure,990.309387207031,2026-09-19T05:53:59.993Z
sensor.kitchen_esp32_screen_sensor_station_bmp280_pressure,990.277038574219,2026-09-19T05:55:00.003Z
sensor.kitchen_esp32_screen_sensor_station_bmp280_pressure,990.239990234375,2026-09-19T05:55:59.990Z
sensor.kitchen_esp32_screen_sensor_station_bmp280_pressure,990.232116699219,2026-09-19T05:56:59.990Z
sensor.kitchen_esp32_screen_sensor_station_bmp280_pressure,990.247802734375,2026-09-19T05:57:59.996Z
sensor.kitchen_esp32_screen_sensor_station_bmp280_pressure,990.141845703125,2026-09-19T05:59:00.002Z
sensor.kitchen_esp32_screen_sensor_station_bmp280_pressure,990.157470703125,2026-09-19T05:59:59.990Z
sensor.kitchen_esp32_screen_sensor_station_bmp280_pressure,990.171569824219,2026-09-19T06:00:59.997Z
sensor.kitchen_esp32_screen_sensor_station_bmp280_pressure,990.176513671875,2026-09-19T06:01:59.986Z
sensor.kitchen_esp32_screen_sensor_station_bmp280_pressure,990.113098144531,2026-09-19T06:02:59.989Z
sensor.kitchen_esp32_screen_sensor_station_bmp280_pressure,990.168762207031,2026-09-19T06:03:59.987Z
sensor.kitchen_esp32_screen_sensor_station_bmp280_pressure,990.129821777344,2026-09-19T06:05:00.013Z
sensor.kitchen_esp32_screen_sensor_station_bmp280_pressure,990.155334472656,2026-09-19T06:05:59.985Z
sensor.kitchen_esp32_screen_sensor_station_bmp280_pressure,990.088745117188,2026-09-19T06:06:59.991Z
sensor.kitchen_esp32_screen_sensor_station_bmp280_pressure,990.059814453125,2026-09-19T06:07:59.998Z
sensor.kitchen_esp32_screen_sensor_station_bmp280_pressure,990.049865722656,2026-09-19T06:09:00.007Z
sensor.kitchen_esp32_screen_sensor_station_bmp280_pressure,990.072998046875,2026-09-19T06:10:00.001Z
sensor.kitchen_esp32_screen_sensor_station_bmp280_pressure,990.023254394531,2026-09-19T06:10:59.993Z
sensor.kitchen_esp32_screen_sensor_station_bmp280_pressure,989.993774414062,2026-09-19T06:11:59.993Z
sensor.kitchen_esp32_screen_sensor_station_bmp280_pressure,990.013610839844,2026-09-19T06:12:59.988Z
sensor.kitchen_esp32_screen_sensor_station_bmp280_pressure,989.99267578125,2026-09-19T06:13:59.990Z
sensor.kitchen_esp32_screen_sensor_station_bmp280_pressure,989.991149902344,2026-09-19T06:15:00.005Z
sensor.kitchen_esp32_screen_sensor_station_bmp280_pressure,989.99658203125,2026-09-19T06:15:59.988Z
sensor.kitchen_esp32_screen_sensor_station_bmp280_pressure,989.986083984375,2026-09-19T06:16:59.999Z
sensor.kitchen_esp32_screen_sensor_station_bmp280_pressure,989.905151367188,2026-09-19T06:17:59.993Z
sensor.kitchen_esp32_screen_sensor_station_bmp280_pressure,989.86767578125,2026-09-19T06:19:00.008Z
sensor.kitchen_esp32_screen_sensor_station_bmp280_pressure,989.952514648438,2026-09-19T06:19:59.997Z
sensor.kitchen_esp32_screen_sensor_station_bmp280_pressure,989.944213867188,2026-09-19T06:20:59.990Z
sensor.kitchen_esp32_screen_sensor_station_bmp280_pressure,989.895751953125,2026-09-19T06:22:00.002Z
sensor.kitchen_esp32_screen_sensor_station_bmp280_pressure,989.872253417969,2026-09-19T06:22:59.989Z
sensor.kitchen_esp32_screen_sensor_station_bmp280_pressure,989.874633789062,2026-09-19T06:23:59.994Z
sensor.kitchen_esp32_screen_sensor_station_bmp280_pressure,989.95703125,2026-09-19T06:25:00.003Z
sensor.kitchen_esp32_screen_sensor_station_bmp280_pressure,989.885620117188,2026-09-19T06:25:59.996Z
sensor.kitchen_esp32_screen_sensor_station_bmp280_pressure,989.906005859375,2026-09-19T06:26:59.991Z
sensor.kitchen_esp32_screen_sensor_station_bmp280_pressure,989.87841796875,2026-09-19T06:28:00.004Z
sensor.kitchen_esp32_screen_sensor_station_bmp280_pressure,989.898742675781,2026-09-19T06:29:00.003Z
sensor.kitchen_esp32_screen_sensor_station_bmp280_pressure,989.895874023438,2026-09-19T06:30:00.024Z
sensor.kitchen_esp32_screen_sensor_station_bmp280_pressure,989.8359375,2026-09-19T06:31:00.006Z
sensor.kitchen_esp32_screen_sensor_station_bmp280_pressure,989.82470703125,2026-09-19T06:31:59.996Z
sensor.kitchen_esp32_screen_sensor_station_bmp280_pressure,989.841735839844,2026-09-19T06:32:59.996Z
sensor.kitchen_esp32_screen_sensor_station_bmp280_pressure,989.859069824219,2026-09-19T06:33:59.994Z
sensor.kitchen_esp32_screen_sensor_station_bmp280_pressure,989.791625976562,2026-09-19T06:35:00.004Z
sensor.kitchen_esp32_screen_sensor_station_bmp280_pressure,989.771240234375,2026-09-19T06:35:59.993Z
sensor.kitchen_esp32_screen_sensor_station_bmp280_pressure,989.761108398438,2026-09-19T06:36:59.995Z
sensor.kitchen_esp32_screen_sensor_station_bmp280_pressure,989.75341796875,2026-09-19T06:37:59.991Z
sensor.kitchen_esp32_screen_sensor_station_bmp280_pressure,989.714233398438,2026-09-19T06:38:59.997Z
sensor.kitchen_esp32_screen_sensor_station_bmp280_pressure,989.639038085938,2026-09-19T06:39:59.993Z
sensor.kitchen_esp32_screen_sensor_station_bmp280_pressure,989.553344726562,2026-09-19T06:41:00.002Z
sensor.kitchen_esp32_screen_sensor_station_bmp280_pressure,989.554504394531,2026-09-19T06:42:00.027Z
sensor.kitchen_esp32_screen_sensor_station_bmp280_pressure,989.54443359375,2026-09-19T06:43:00.004Z
sensor.kitchen_esp32_screen_sensor_station_bmp280_pressure,989.550476074219,2026-09-19T06:43:59.988Z
sensor.kitchen_esp32_screen_sensor_station_bmp280_pressure,989.504760742188,2026-09-19T06:45:00.000Z
sensor.kitchen_esp32_screen_sensor_station_bmp280_pressure,989.483154296875,2026-09-19T06:46:00.007Z
sensor.kitchen_esp32_screen_sensor_station_bmp280_pressure,989.479858398438,2026-09-19T06:46:59.992Z
sensor.kitchen_esp32_screen_sensor_station_bmp280_pressure,989.487670898438,2026-09-19T06:47:59.999Z
sensor.kitchen_esp32_screen_sensor_station_bmp280_pressure,989.52392578125,2026-09-19T06:48:59.995Z
sensor.kitchen_esp32_screen_sensor_station_bmp280_pressure,989.462097167969,2026-09-19T06:50:00.010Z
sensor.kitchen_esp32_screen_sensor_station_bmp280_pressure,989.441589355469,2026-09-19T06:51:01.226Z
sensor.kitchen_esp32_screen_sensor_station_bmp280_pressure,989.441955566406,2026-09-19T06:51:59.992Z
sensor.kitchen_esp32_screen_sensor_station_bmp280_pressure,989.428771972656,2026-09-19T06:53:00.000Z
sensor.kitchen_esp32_screen_sensor_station_bmp280_pressure,989.354614257812,2026-09-19T06:54:00.014Z
sensor.kitchen_esp32_screen_sensor_station_bmp280_pressure,989.390869140625,2026-09-19T06:54:59.998Z
sensor.kitchen_esp32_screen_sensor_station_bmp280_pressure,989.334716796875,2026-09-19T06:56:00.000Z
sensor.kitchen_esp32_screen_sensor_station_bmp280_pressure,989.318420410156,2026-09-19T06:57:00.008Z
sensor.kitchen_esp32_screen_sensor_station_bmp280_pressure,989.252746582031,2026-09-19T06:58:00.027Z
sensor.kitchen_esp32_screen_sensor_station_bmp280_pressure,989.249450683594,2026-09-19T06:58:59.993Z
sensor.kitchen_esp32_screen_sensor_station_bmp280_pressure,989.197631835938,2026-09-19T07:00:00.017Z
sensor.kitchen_esp32_screen_sensor_station_bmp280_pressure,989.218933105469,2026-09-19T07:00:59.991Z
sensor.kitchen_esp32_screen_sensor_station_bmp280_pressure,989.129089355469,2026-09-19T07:02:00.036Z
sensor.kitchen_esp32_screen_sensor_station_bmp280_pressure,989.236877441406,2026-09-19T07:03:00.002Z
sensor.kitchen_esp32_screen_sensor_station_bmp280_pressure,989.164367675781,2026-09-19T07:04:00.006Z
sensor.kitchen_esp32_screen_sensor_station_bmp280_pressure,989.151000976562,2026-09-19T07:05:00.013Z
sensor.kitchen_esp32_screen_sensor_station_bmp280_pressure,989.163818359375,2026-09-19T07:06:00.001Z
sensor.kitchen_esp32_screen_sensor_station_bmp280_pressure,989.159545898438,2026-09-19T07:07:07.142Z
sensor.kitchen_esp32_screen_sensor_station_bmp280_pressure,989.168334960938,2026-09-19T07:08:00.001Z
sensor.kitchen_esp32_screen_sensor_station_bmp280_pressure,989.207336425781,2026-09-19T07:08:59.992Z
sensor.kitchen_esp32_screen_sensor_station_bmp280_pressure,989.194091796875,2026-09-19T07:09:59.999Z
sensor.kitchen_esp32_screen_sensor_station_bmp280_pressure,989.23193359375,2026-09-19T07:11:00.004Z
sensor.kitchen_esp32_screen_sensor_station_bmp280_pressure,989.228576660156,2026-09-19T07:12:00.000Z
sensor.kitchen_esp32_screen_sensor_station_bmp280_pressure,989.210327148438,2026-09-19T07:13:00.002Z
sensor.kitchen_esp32_screen_sensor_station_bmp280_pressure,989.265625,2026-09-19T07:13:59.995Z
sensor.kitchen_esp32_screen_sensor_station_bmp280_pressure,989.257751464844,2026-09-19T07:15:00.008Z
sensor.kitchen_esp32_screen_sensor_station_bmp280_pressure,989.212585449219,2026-09-19T07:16:00.006Z
sensor.kitchen_esp32_screen_sensor_station_bmp280_pressure,989.195922851562,2026-09-19T07:17:00.004Z
sensor.kitchen_esp32_screen_sensor_station_bmp280_pressure,989.225463867188,2026-09-19T07:18:00.006Z
sensor.kitchen_esp32_screen_sensor_station_bmp280_pressure,989.263305664062,2026-09-19T07:18:59.994Z
sensor.kitchen_esp32_screen_sensor_station_bmp280_pressure,989.302917480469,2026-09-19T07:19:59.995Z
sensor.kitchen_esp32_screen_sensor_station_bmp280_pressure,989.231689453125,2026-09-19T07:21:00.001Z
sensor.kitchen_esp32_screen_sensor_station_bmp280_pressure,989.221069335938,2026-09-19T07:21:59.998Z
sensor.kitchen_esp32_screen_sensor_station_bmp280_pressure,989.21875,2026-09-19T07:23:00.004Z
sensor.kitchen_esp32_screen_sensor_station_bmp280_pressure,989.184326171875,2026-09-19T07:23:59.994Z
sensor.kitchen_esp32_screen_sensor_station_bmp280_pressure,989.200439453125,2026-09-19T07:25:00.002Z
sensor.kitchen_esp32_screen_sensor_station_bmp280_pressure,989.146423339844,2026-09-19T07:25:59.995Z
sensor.kitchen_esp32_screen_sensor_station_bmp280_pressure,989.109008789062,2026-09-19T07:26:59.999Z
sensor.kitchen_esp32_screen_sensor_station_bmp280_pressure,989.132507324219,2026-09-19T07:28:01.363Z
sensor.kitchen_esp32_screen_sensor_station_bmp280_pressure,989.137573242188,2026-09-19T07:29:00.128Z
sensor.kitchen_esp32_screen_sensor_station_bmp280_pressure,989.160339355469,2026-09-19T07:30:04.371Z
sensor.kitchen_esp32_screen_sensor_station_bmp280_pressure,989.101867675781,2026-09-19T07:30:59.995Z
sensor.kitchen_esp32_screen_sensor_station_bmp280_pressure,989.065185546875,2026-09-19T07:32:00.037Z
sensor.kitchen_esp32_screen_sensor_station_bmp280_pressure,989.151550292969,2026-09-19T07:33:00.039Z
sensor.kitchen_esp32_screen_sensor_station_bmp280_pressure,989.11474609375,2026-09-19T07:34:00.004Z
sensor.kitchen_esp32_screen_sensor_station_bmp280_pressure,989.092346191406,2026-09-19T07:34:59.997Z
sensor.kitchen_esp32_screen_sensor_station_bmp280_pressure,989.116577148438,2026-09-19T07:36:00.006Z
sensor.kitchen_esp32_screen_sensor_station_bmp280_pressure,989.105285644531,2026-09-19T07:36:59.994Z
sensor.kitchen_esp32_screen_sensor_station_bmp280_pressure,989.095336914062,2026-09-19T07:38:00.004Z
sensor.kitchen_esp32_screen_sensor_station_bmp280_pressure,989.107116699219,2026-09-19T07:39:00.008Z
sensor.kitchen_esp32_screen_sensor_station_bmp280_pressure,989.11767578125,2026-09-19T07:39:59.997Z
sensor.kitchen_esp32_screen_sensor_station_bmp280_pressure,989.19580078125,2026-09-19T07:41:00.009Z
sensor.kitchen_esp32_screen_sensor_station_bmp280_pressure,989.088745117188,2026-09-19T07:42:00.002Z
sensor.kitchen_esp32_screen_sensor_station_bmp280_pressure,989.08984375,2026-09-19T07:43:00.005Z
sensor.kitchen_esp32_screen_sensor_station_bmp280_pressure,989.09765625,2026-09-19T07:44:00.010Z
sensor.kitchen_esp32_screen_sensor_station_bmp280_pressure,989.038024902344,2026-09-19T07:45:00.019Z
sensor.kitchen_esp32_screen_sensor_station_bmp280_pressure,989.041870117188,2026-09-19T07:46:00.021Z
sensor.kitchen_esp32_screen_sensor_station_bmp280_pressure,989.091064453125,2026-09-19T07:47:00.030Z
sensor.kitchen_esp32_screen_sensor_station_bmp280_pressure,989.150085449219,2026-09-19T07:48:00.033Z
sensor.kitchen_esp32_screen_sensor_station_bmp280_pressure,989.095642089844,2026-09-19T07:48:59.995Z
sensor.kitchen_esp32_screen_sensor_station_bmp280_pressure,989.197021484375,2026-09-19T07:49:59.999Z
sensor.kitchen_esp32_screen_sensor_station_bmp280_pressure,989.157897949219,2026-09-19T07:50:59.998Z
sensor.kitchen_esp32_screen_sensor_station_bmp280_pressure,989.18310546875,2026-09-19T07:51:59.999Z
sensor.kitchen_esp32_screen_sensor_station_bmp280_pressure,989.182006835938,2026-09-19T07:53:00.006Z
sensor.kitchen_esp32_screen_sensor_station_bmp280_pressure,989.129089355469,2026-09-19T07:54:00.008Z
sensor.kitchen_esp32_screen_sensor_station_bmp280_pressure,989.124084472656,2026-09-19T07:54:59.997Z
sensor.kitchen_esp32_screen_sensor_station_bmp280_pressure,989.063842773438,2026-09-19T07:56:00.003Z
sensor.kitchen_esp32_screen_sensor_station_bmp280_pressure,989.040466308594,2026-09-19T07:57:00.006Z
sensor.kitchen_esp32_screen_sensor_station_bmp280_pressure,989.034851074219,2026-09-19T07:58:00.001Z
sensor.kitchen_esp32_screen_sensor_station_bmp280_pressure,989.059997558594,2026-09-19T07:59:00.018Z
sensor.kitchen_esp32_screen_sensor_station_bmp280_pressure,988.999938964844,2026-09-19T08:00:00.006Z
sensor.kitchen_esp32_screen_sensor_station_bmp280_pressure,988.974243164062,2026-09-19T08:00:59.996Z
sensor.kitchen_esp32_screen_sensor_station_bmp280_pressure,988.975341796875,2026-09-19T08:02:00.010Z
sensor.kitchen_esp32_screen_sensor_station_bmp280_pressure,988.973571777344,2026-09-19T08:03:00.019Z
sensor.kitchen_esp32_screen_sensor_station_bmp280_pressure,988.995483398438,2026-09-19T08:04:00.004Z
sensor.kitchen_esp32_screen_sensor_station_bmp280_pressure,988.87109375,2026-09-19T08:04:59.996Z
sensor.kitchen_esp32_screen_sensor_station_bmp280_pressure,988.934692382812,2026-09-19T08:05:59.996Z
sensor.kitchen_esp32_screen_sensor_station_bmp280_pressure,988.895629882812,2026-09-19T08:07:00.004Z
sensor.kitchen_esp32_screen_sensor_station_bmp280_pressure,988.987121582031,2026-09-19T08:07:59.997Z
sensor.kitchen_esp32_screen_sensor_station_bmp280_pressure,988.939697265625,2026-09-19T08:09:00.003Z
sensor.kitchen_esp32_screen_sensor_station_bmp280_pressure,988.915771484375,2026-09-19T08:09:59.999Z
sensor.kitchen_esp32_screen_sensor_station_bmp280_pressure,988.978881835938,2026-09-19T08:10:59.999Z
sensor.kitchen_esp32_screen_sensor_station_bmp280_pressure,988.942504882812,2026-09-19T08:12:00.022Z
sensor.kitchen_esp32_screen_sensor_station_bmp280_pressure,988.917419433594,2026-09-19T08:12:59.997Z
sensor.kitchen_esp32_screen_sensor_station_bmp280_pressure,988.894714355469,2026-09-19T08:14:00.007Z
sensor.kitchen_esp32_screen_sensor_station_bmp280_pressure,988.81201171875,2026-09-19T08:15:00.005Z
sensor.kitchen_esp32_screen_sensor_station_bmp280_pressure,988.745849609375,2026-09-19T08:15:59.997Z
sensor.kitchen_esp32_screen_sensor_station_bmp280_pressure,988.699523925781,2026-09-19T08:17:00.014Z
sensor.kitchen_esp32_screen_sensor_station_bmp280_pressure,988.727966308594,2026-09-19T08:17:59.998Z
sensor.kitchen_esp32_screen_sensor_station_bmp280_pressure,988.682861328125,2026-09-19T08:19:00.006Z
sensor.kitchen_esp32_screen_sensor_station_bmp280_pressure,988.676635742188,2026-09-19T08:19:59.997Z
sensor.kitchen_esp32_screen_sensor_station_bmp280_pressure,988.705810546875,2026-09-19T08:20:59.997Z
sensor.kitchen_esp32_screen_sensor_station_bmp280_pressure,988.646728515625,2026-09-19T08:22:00.008Z
sensor.kitchen_esp32_screen_sensor_station_bmp280_pressure,988.647094726562,2026-09-19T08:22:59.998Z
sensor.kitchen_esp32_screen_sensor_station_bmp280_pressure,988.60205078125,2026-09-19T08:24:00.005Z
sensor.kitchen_esp32_screen_sensor_station_bmp280_pressure,988.57470703125,2026-09-19T08:24:59.997Z
sensor.kitchen_esp32_screen_sensor_station_bmp280_pressure,988.594848632812,2026-09-19T08:26:00.002Z
sensor.kitchen_esp32_screen_sensor_station_bmp280_pressure,988.59326171875,2026-09-19T08:27:00.000Z
sensor.kitchen_esp32_screen_sensor_station_bmp280_pressure,988.476257324219,2026-09-19T08:28:00.002Z
sensor.kitchen_esp32_screen_sensor_station_bmp280_pressure,988.520751953125,2026-09-19T08:28:59.999Z
sensor.kitchen_esp32_screen_sensor_station_bmp280_pressure,988.512939453125,2026-09-19T08:30:00.013Z
sensor.kitchen_esp32_screen_sensor_station_bmp280_pressure,988.533142089844,2026-09-19T08:30:59.999Z
sensor.kitchen_esp32_screen_sensor_station_bmp280_pressure,988.560913085938,2026-09-19T08:32:00.000Z
sensor.kitchen_esp32_screen_sensor_station_bmp280_pressure,988.570495605469,2026-09-19T08:33:00.004Z
sensor.kitchen_esp32_screen_sensor_station_bmp280_pressure,988.562561035156,2026-09-19T08:34:00.011Z
sensor.kitchen_esp32_screen_sensor_station_bmp280_pressure,988.59716796875,2026-09-19T08:35:00.000Z
sensor.kitchen_esp32_screen_sensor_station_bmp280_pressure,988.526428222656,2026-09-19T08:36:00.003Z
sensor.kitchen_esp32_screen_sensor_station_bmp280_pressure,988.55322265625,2026-09-19T08:36:59.998Z
sensor.kitchen_esp32_screen_sensor_station_bmp280_pressure,988.532653808594,2026-09-19T08:38:00.018Z
sensor.kitchen_esp32_screen_sensor_station_bmp280_pressure,988.449584960938,2026-09-19T08:39:00.011Z
sensor.kitchen_esp32_screen_sensor_station_bmp280_pressure,988.563232421875,2026-09-19T08:40:00.005Z
sensor.kitchen_esp32_screen_sensor_station_bmp280_pressure,988.514221191406,2026-09-19T08:41:00.005Z
sensor.kitchen_esp32_screen_sensor_station_bmp280_pressure,988.455139160156,2026-09-19T08:42:00.002Z
sensor.kitchen_esp32_screen_sensor_station_bmp280_pressure,988.427795410156,2026-09-19T08:43:00.002Z
sensor.kitchen_esp32_screen_sensor_station_bmp280_pressure,988.446228027344,2026-09-19T08:44:00.007Z
sensor.kitchen_esp32_screen_sensor_station_bmp280_pressure,988.46533203125,2026-09-19T08:45:00.006Z
sensor.kitchen_esp32_screen_sensor_station_bmp280_pressure,988.388977050781,2026-09-19T08:46:00.009Z
sensor.kitchen_esp32_screen_sensor_station_bmp280_pressure,988.361145019531,2026-09-19T08:47:00.002Z
sensor.kitchen_esp32_screen_sensor_station_bmp280_pressure,988.393432617188,2026-09-19T08:48:00.013Z
sensor.kitchen_esp32_screen_sensor_station_bmp280_pressure,988.460388183594,2026-09-19T08:49:00.010Z
sensor.kitchen_esp32_screen_sensor_station_bmp280_pressure,988.464294433594,2026-09-19T08:50:00.012Z
sensor.kitchen_esp32_screen_sensor_station_bmp280_pressure,988.501586914062,2026-09-19T08:51:00.006Z
sensor.kitchen_esp32_screen_sensor_station_bmp280_pressure,988.450988769531,2026-09-19T08:52:00.013Z
sensor.kitchen_esp32_screen_sensor_station_bmp280_pressure,988.482788085938,2026-09-19T08:53:00.005Z
sensor.kitchen_esp32_screen_sensor_station_bmp280_pressure,988.486572265625,2026-09-19T08:54:00.008Z
sensor.kitchen_esp32_screen_sensor_station_bmp280_pressure,988.462097167969,2026-09-19T08:55:00.007Z
sensor.kitchen_esp32_screen_sensor_station_bmp280_pressure,988.443603515625,2026-09-19T08:56:00.005Z
sensor.kitchen_esp32_screen_sensor_station_bmp280_pressure,988.432006835938,2026-09-19T08:57:00.001Z
sensor.kitchen_esp32_screen_sensor_station_bmp280_pressure,988.471618652344,2026-09-19T08:57:59.997Z
sensor.kitchen_esp32_screen_sensor_station_bmp280_pressure,988.404113769531,2026-09-19T08:59:00.009Z
sensor.kitchen_esp32_screen_sensor_station_bmp280_pressure,988.412963867188,2026-09-19T09:00:00.001Z
sensor.kitchen_esp32_screen_sensor_station_bmp280_pressure,988.438842773438,2026-09-19T09:01:00.008Z
sensor.kitchen_esp32_screen_sensor_station_bmp280_pressure,988.442016601562,2026-09-19T09:02:00.012Z
sensor.kitchen_esp32_screen_sensor_station_bmp280_pressure,988.420166015625,2026-09-19T09:03:00.001Z
sensor.kitchen_esp32_screen_sensor_station_bmp280_pressure,988.394165039062,2026-09-19T09:04:00.010Z
sensor.kitchen_esp32_screen_sensor_station_bmp280_pressure,988.418029785156,2026-09-19T09:04:59.999Z
sensor.kitchen_esp32_screen_sensor_station_bmp280_pressure,988.450988769531,2026-09-19T09:06:00.004Z
sensor.kitchen_esp32_screen_sensor_station_bmp280_pressure,988.420776367188,2026-09-19T09:07:00.011Z
sensor.kitchen_esp32_screen_sensor_station_bmp280_pressure,988.489440917969,2026-09-19T09:08:00.007Z
sensor.kitchen_esp32_screen_sensor_station_bmp280_pressure,988.426940917969,2026-09-19T09:09:00.006Z
sensor.kitchen_esp32_screen_sensor_station_bmp280_pressure,988.397338867188,2026-09-19T09:10:00.008Z
sensor.kitchen_esp32_screen_sensor_station_bmp280_pressure,988.315490722656,2026-09-19T09:11:00.007Z
sensor.kitchen_esp32_screen_sensor_station_bmp280_pressure,988.303588867188,2026-09-19T09:12:00.009Z
sensor.kitchen_esp32_screen_sensor_station_bmp280_pressure,988.321472167969,2026-09-19T09:13:00.000Z
sensor.kitchen_esp32_screen_sensor_station_bmp280_pressure,988.352661132812,2026-09-19T09:14:00.000Z
sensor.kitchen_esp32_screen_sensor_station_bmp280_pressure,988.212097167969,2026-09-19T09:15:00.011Z
sensor.kitchen_esp32_screen_sensor_station_bmp280_pressure,988.228332519531,2026-09-19T09:16:00.004Z
sensor.kitchen_esp32_screen_sensor_station_bmp280_pressure,988.271789550781,2026-09-19T09:17:00.012Z
sensor.kitchen_esp32_screen_sensor_station_bmp280_pressure,988.24462890625,2026-09-19T09:18:00.004Z
sensor.kitchen_esp32_screen_sensor_station_bmp280_pressure,988.341003417969,2026-09-19T09:19:00.014Z
sensor.kitchen_esp32_screen_sensor_station_bmp280_pressure,988.197021484375,2026-09-19T09:20:00.017Z
sensor.kitchen_esp32_screen_sensor_station_bmp280_pressure,988.24169921875,2026-09-19T09:21:00.003Z
sensor.kitchen_esp32_screen_sensor_station_bmp280_pressure,988.101745605469,2026-09-19T09:22:00.010Z
sensor.kitchen_esp32_screen_sensor_station_bmp280_pressure,988.255798339844,2026-09-19T09:23:00.000Z
sensor.kitchen_esp32_screen_sensor_station_bmp280_pressure,988.163024902344,2026-09-19T09:24:00.009Z
sensor.kitchen_esp32_screen_sensor_station_bmp280_pressure,988.193115234375,2026-09-19T09:25:00.002Z
sensor.kitchen_esp32_screen_sensor_station_bmp280_pressure,988.255126953125,2026-09-19T09:26:00.003Z
sensor.kitchen_esp32_screen_sensor_station_bmp280_pressure,988.21435546875,2026-09-19T09:27:00.011Z
sensor.kitchen_esp32_screen_sensor_station_bmp280_pressure,988.159240722656,2026-09-19T09:28:00.021Z
sensor.kitchen_esp32_screen_sensor_station_bmp280_pressure,988.314758300781,2026-09-19T09:29:04.496Z
sensor.kitchen_esp32_screen_sensor_station_bmp280_pressure,988.245056152344,2026-09-19T09:30:00.023Z
sensor.kitchen_esp32_screen_sensor_station_bmp280_pressure,988.263610839844,2026-09-19T09:31:00.006Z
sensor.kitchen_esp32_screen_sensor_station_bmp280_pressure,988.238891601562,2026-09-19T09:32:00.029Z
sensor.kitchen_esp32_screen_sensor_station_bmp280_pressure,988.158569335938,2026-09-19T09:33:00.006Z
sensor.kitchen_esp32_screen_sensor_station_bmp280_pressure,988.227355957031,2026-09-19T09:34:00.004Z
sensor.kitchen_esp32_screen_sensor_station_bmp280_pressure,988.270324707031,2026-09-19T09:35:00.051Z
sensor.kitchen_esp32_screen_sensor_station_bmp280_pressure,988.25390625,2026-09-19T09:36:00.048Z
sensor.kitchen_esp32_screen_sensor_station_bmp280_pressure,988.295288085938,2026-09-19T09:37:00.053Z
sensor.kitchen_esp32_screen_sensor_station_bmp280_pressure,988.258605957031,2026-09-19T09:38:00.010Z
sensor.kitchen_esp32_screen_sensor_station_bmp280_pressure,988.329833984375,2026-09-19T09:39:00.008Z
sensor.kitchen_esp32_screen_sensor_station_bmp280_pressure,988.284362792969,2026-09-19T09:40:00.013Z
sensor.kitchen_esp32_screen_sensor_station_bmp280_pressure,988.370483398438,2026-09-19T09:41:00.008Z
sensor.kitchen_esp32_screen_sensor_station_bmp280_pressure,988.308410644531,2026-09-19T09:42:00.014Z
sensor.kitchen_esp32_screen_sensor_station_bmp280_pressure,988.291076660156,2026-09-19T09:43:00.017Z
sensor.kitchen_esp32_screen_sensor_station_bmp280_pressure,988.31640625,2026-09-19T09:44:00.007Z
sensor.kitchen_esp32_screen_sensor_station_bmp280_pressure,988.267578125,2026-09-19T09:45:00.004Z
sensor.kitchen_esp32_screen_sensor_station_bmp280_pressure,988.333984375,2026-09-19T09:46:00.019Z
sensor.kitchen_esp32_screen_sensor_station_bmp280_pressure,988.303894042969,2026-09-19T09:47:00.015Z
sensor.kitchen_esp32_screen_sensor_station_bmp280_pressure,988.314819335938,2026-09-19T09:48:00.019Z
sensor.kitchen_esp32_screen_sensor_station_bmp280_pressure,988.358459472656,2026-09-19T09:49:00.009Z
sensor.kitchen_esp32_screen_sensor_station_bmp280_pressure,988.260070800781,2026-09-19T09:50:00.017Z
sensor.kitchen_esp32_screen_sensor_station_bmp280_pressure,988.341064453125,2026-09-19T09:51:00.028Z
sensor.kitchen_esp32_screen_sensor_station_bmp280_pressure,unavailable,2026-09-19T09:53:30.679Z
sensor.kitchen_esp32_screen_sensor_station_bmp280_pressure,988.319396972656,2026-09-19T09:53:30.824Z
sensor.kitchen_esp32_screen_sensor_station_bmp280_pressure,988.303283691406,2026-09-19T09:54:25.145Z
sensor.kitchen_esp32_screen_sensor_station_bmp280_pressure,988.298461914062,2026-09-19T09:55:25.133Z
sensor.kitchen_esp32_screen_sensor_station_bmp280_pressure,988.320922851562,2026-09-19T09:56:25.134Z
sensor.kitchen_esp32_screen_sensor_station_bmp280_pressure,988.373596191406,2026-09-19T09:57:25.145Z
sensor.kitchen_esp32_screen_sensor_station_bmp280_pressure,unavailable,2026-09-19T09:58:12.344Z
sensor.kitchen_esp32_screen_sensor_station_bmp280_pressure,988.373413085938,2026-09-19T09:58:12.509Z
sensor.kitchen_esp32_screen_sensor_station_bmp280_pressure,988.385009765625,2026-09-19T09:59:10.427Z
sensor.kitchen_esp32_screen_sensor_station_bmp280_pressure,988.364929199219,2026-09-19T10:00:10.432Z
sensor.kitchen_esp32_screen_sensor_station_bmp280_pressure,988.259704589844,2026-09-19T10:01:10.438Z
sensor.kitchen_esp32_screen_sensor_station_bmp280_pressure,988.332336425781,2026-09-19T10:02:10.435Z
sensor.kitchen_esp32_screen_sensor_station_bmp280_pressure,988.304870605469,2026-09-19T10:03:10.437Z
sensor.kitchen_esp32_screen_sensor_station_bmp280_pressure,988.333251953125,2026-09-19T10:04:10.438Z
sensor.kitchen_esp32_screen_sensor_station_bmp280_pressure,988.264831542969,2026-09-19T10:05:10.429Z
sensor.kitchen_esp32_screen_sensor_station_bmp280_pressure,988.246398925781,2026-09-19T10:06:10.439Z
sensor.kitchen_esp32_screen_sensor_station_bmp280_pressure,unavailable,2026-09-19T10:06:23.654Z
sensor.kitchen_esp32_screen_sensor_station_bmp280_pressure,988.21484375,2026-09-19T10:06:33.859Z
sensor.kitchen_esp32_screen_sensor_station_bmp280_pressure,988.262329101562,2026-09-19T10:07:25.617Z
sensor.kitchen_esp32_screen_sensor_station_bmp280_pressure,988.132751464844,2026-09-19T10:08:25.622Z
sensor.kitchen_esp32_screen_sensor_station_bmp280_pressure,988.107482910156,2026-09-19T10:09:25.625Z
sensor.kitchen_esp32_screen_sensor_station_bmp280_pressure,988.097473144531,2026-09-19T10:10:25.628Z
sensor.kitchen_esp32_screen_sensor_station_bmp280_pressure,988.149475097656,2026-09-19T10:11:25.619Z
sensor.kitchen_esp32_screen_sensor_station_bmp280_pressure,988.153930664062,2026-09-19T10:12:25.619Z
sensor.kitchen_esp32_screen_sensor_station_bmp280_pressure,988.209350585938,2026-09-19T10:13:25.643Z
sensor.kitchen_esp32_screen_sensor_station_bmp280_pressure,988.158264160156,2026-09-19T10:14:25.642Z
sensor.kitchen_esp32_screen_sensor_station_bmp280_pressure,988.094055175781,2026-09-19T10:15:25.625Z
sensor.kitchen_esp32_screen_sensor_station_bmp280_pressure,988.12060546875,2026-09-19T10:16:25.624Z
sensor.kitchen_esp32_screen_sensor_station_bmp280_pressure,988.12890625,2026-09-19T10:17:25.620Z
sensor.kitchen_esp32_screen_sensor_station_bmp280_pressure,988.159362792969,2026-09-19T10:18:25.618Z
sensor.kitchen_esp32_screen_sensor_station_bmp280_pressure,unavailable,2026-09-19T10:20:23.842Z
sensor.kitchen_esp32_screen_sensor_station_bmp280_pressure,988.05908203125,2026-09-19T10:21:44.448Z
sensor.kitchen_esp32_screen_sensor_station_bmp280_pressure,988.204772949219,2026-09-19T10:22:21.178Z
sensor.kitchen_esp32_screen_sensor_station_bmp280_pressure,988.238220214844,2026-09-19T10:23:21.148Z
sensor.kitchen_esp32_screen_sensor_station_bmp280_pressure,988.242980957031,2026-09-19T10:24:21.154Z
sensor.kitchen_esp32_screen_sensor_station_bmp280_pressure,988.247497558594,2026-09-19T10:25:21.192Z
sensor.kitchen_esp32_screen_sensor_station_bmp280_pressure,unavailable,2026-09-19T10:27:34.291Z
sensor.kitchen_esp32_screen_sensor_station_bmp280_pressure,988.158142089844,2026-09-19T11:12:24.015Z
sensor.kitchen_esp32_screen_sensor_station_bmp280_pressure,988.081176757812,2026-09-19T11:13:20.184Z
sensor.kitchen_esp32_screen_sensor_station_bmp280_pressure,unavailable,2026-09-19T11:13:31.991Z
sensor.kitchen_esp32_screen_sensor_station_bmp280_pressure,987.998107910156,2026-09-19T11:13:40.275Z
sensor.kitchen_esp32_screen_sensor_station_bmp280_pressure,988.053894042969,2026-09-19T11:14:37.278Z
sensor.kitchen_esp32_screen_sensor_station_bmp280_pressure,988.067443847656,2026-09-19T11:15:37.277Z
sensor.kitchen_esp32_screen_sensor_station_bmp280_pressure,988.145446777344,2026-09-19T11:16:37.279Z
sensor.kitchen_esp32_screen_sensor_station_bmp280_pressure,988.120300292969,2026-09-19T11:17:37.303Z
sensor.kitchen_esp32_screen_sensor_station_bmp280_pressure,988.180480957031,2026-09-19T11:18:37.281Z
sensor.kitchen_esp32_screen_sensor_station_bmp280_pressure,988.123962402344,2026-09-19T11:19:37.280Z
sensor.kitchen_esp32_screen_sensor_station_bmp280_pressure,988.105163574219,2026-09-19T11:20:37.287Z
sensor.kitchen_esp32_screen_sensor_station_bmp280_pressure,988.129089355469,2026-09-19T11:21:37.288Z
sensor.kitchen_esp32_screen_sensor_station_bmp280_pressure,987.990600585938,2026-09-19T11:22:37.285Z
sensor.kitchen_esp32_screen_sensor_station_bmp280_pressure,unavailable,2026-09-19T11:23:07.220Z
sensor.kitchen_esp32_screen_sensor_station_bmp280_pressure,988.015930175781,2026-09-19T11:23:15.450Z
sensor.kitchen_esp32_screen_sensor_station_bmp280_pressure,988.165405273438,2026-09-19T11:24:09.019Z
sensor.kitchen_esp32_screen_sensor_station_bmp280_pressure,988.071105957031,2026-09-19T11:25:09.019Z
sensor.kitchen_esp32_screen_sensor_station_bmp280_pressure,988.1875,2026-09-19T11:26:09.022Z
sensor.kitchen_esp32_screen_sensor_station_bmp280_pressure,988.120239257812,2026-09-19T11:27:09.016Z
sensor.kitchen_esp32_screen_sensor_station_bmp280_pressure,988.056579589844,2026-09-19T11:28:09.014Z
sensor.kitchen_esp32_screen_sensor_station_bmp280_pressure,988.078857421875,2026-09-19T11:29:09.018Z
sensor.kitchen_esp32_screen_sensor_station_bmp280_pressure,987.980163574219,2026-09-19T11:30:09.010Z
sensor.kitchen_esp32_screen_sensor_station_bmp280_pressure,987.923583984375,2026-09-19T11:31:09.013Z
sensor.kitchen_esp32_screen_sensor_station_bmp280_pressure,987.888610839844,2026-09-19T11:32:09.017Z
sensor.kitchen_esp32_screen_sensor_station_bmp280_pressure,987.725646972656,2026-09-19T11:33:09.004Z
sensor.kitchen_esp32_screen_sensor_station_bmp280_pressure,987.860290527344,2026-09-19T11:34:09.012Z
sensor.kitchen_esp32_screen_sensor_station_bmp280_pressure,987.698303222656,2026-09-19T11:35:09.009Z
sensor.kitchen_esp32_screen_sensor_station_bmp280_pressure,987.604370117188,2026-09-19T11:36:09.012Z
sensor.kitchen_esp32_screen_sensor_station_bmp280_pressure,987.560546875,2026-09-19T11:37:09.010Z
sensor.kitchen_esp32_screen_sensor_station_bmp280_pressure,987.664245605469,2026-09-19T11:38:09.014Z
sensor.kitchen_esp32_screen_sensor_station_bmp280_pressure,987.620056152344,2026-09-19T11:39:09.022Z
sensor.kitchen_esp32_screen_sensor_station_bmp280_pressure,987.509216308594,2026-09-19T11:40:09.019Z
sensor.kitchen_esp32_screen_sensor_station_bmp280_pressure,987.444580078125,2026-09-19T11:41:09.024Z
sensor.kitchen_esp32_screen_sensor_station_bmp280_pressure,987.511962890625,2026-09-19T11:42:09.008Z
sensor.kitchen_esp32_screen_sensor_station_bmp280_pressure,987.546875,2026-09-19T11:43:09.024Z
sensor.kitchen_esp32_screen_sensor_station_bmp280_pressure,987.679626464844,2026-09-19T11:44:09.008Z
sensor.kitchen_esp32_screen_sensor_station_bmp280_pressure,987.631713867188,2026-09-19T11:45:09.010Z
sensor.kitchen_esp32_screen_sensor_station_bmp280_pressure,987.675476074219,2026-09-19T11:46:09.010Z
sensor.kitchen_esp32_screen_sensor_station_bmp280_pressure,987.768127441406,2026-09-19T11:47:09.017Z
sensor.kitchen_esp32_screen_sensor_station_bmp280_pressure,987.67822265625,2026-09-19T11:48:09.011Z
sensor.kitchen_esp32_screen_sensor_station_bmp280_pressure,987.789611816406,2026-09-19T11:49:09.014Z
sensor.kitchen_esp32_screen_sensor_station_bmp280_pressure,987.843505859375,2026-09-19T11:50:09.011Z
sensor.kitchen_esp32_screen_sensor_station_bmp280_pressure,987.834716796875,2026-09-19T11:51:09.018Z
sensor.kitchen_esp32_screen_sensor_station_bmp280_pressure,987.790954589844,2026-09-19T11:52:09.011Z
sensor.kitchen_esp32_screen_sensor_station_bmp280_pressure,987.88623046875,2026-09-19T11:53:09.015Z
sensor.kitchen_esp32_screen_sensor_station_bmp280_pressure,987.846069335938,2026-09-19T11:54:09.021Z
sensor.kitchen_esp32_screen_sensor_station_bmp280_pressure,987.74609375,2026-09-19T11:55:09.010Z
sensor.kitchen_esp32_screen_sensor_station_bmp280_pressure,987.812683105469,2026-09-19T11:56:09.023Z
sensor.kitchen_esp32_screen_sensor_station_bmp280_pressure,987.849060058594,2026-09-19T11:57:09.019Z
sensor.kitchen_esp32_screen_sensor_station_bmp280_pressure,987.830871582031,2026-09-19T11:58:09.016Z
sensor.kitchen_esp32_screen_sensor_station_bmp280_pressure,987.834228515625,2026-09-19T11:59:09.023Z
sensor.kitchen_esp32_screen_sensor_station_bmp280_pressure,987.772521972656,2026-09-19T12:00:09.013Z
sensor.kitchen_esp32_screen_sensor_station_bmp280_pressure,987.671142578125,2026-09-19T12:01:09.022Z
sensor.kitchen_esp32_screen_sensor_station_bmp280_pressure,987.72265625,2026-09-19T12:02:09.008Z
sensor.kitchen_esp32_screen_sensor_station_bmp280_pressure,987.683898925781,2026-09-19T12:03:09.019Z
sensor.kitchen_esp32_screen_sensor_station_bmp280_pressure,987.687316894531,2026-09-19T12:04:09.023Z
sensor.kitchen_esp32_screen_sensor_station_bmp280_pressure,987.70751953125,2026-09-19T12:05:09.021Z
sensor.kitchen_esp32_screen_sensor_station_bmp280_pressure,987.697448730469,2026-09-19T12:06:09.024Z
sensor.kitchen_esp32_screen_sensor_station_bmp280_pressure,987.687683105469,2026-09-19T12:07:09.022Z
sensor.kitchen_esp32_screen_sensor_station_bmp280_pressure,987.694396972656,2026-09-19T12:08:09.019Z
sensor.kitchen_esp32_screen_sensor_station_bmp280_pressure,987.681579589844,2026-09-19T12:09:09.010Z
sensor.kitchen_esp32_screen_sensor_station_bmp280_pressure,987.586242675781,2026-09-19T12:10:09.015Z
sensor.kitchen_esp32_screen_sensor_station_bmp280_pressure,987.671081542969,2026-09-19T12:11:09.020Z
sensor.kitchen_esp32_screen_sensor_station_bmp280_pressure,987.645751953125,2026-09-19T12:12:09.015Z
sensor.kitchen_esp32_screen_sensor_station_bmp280_pressure,987.6171875,2026-09-19T12:13:09.012Z
sensor.kitchen_esp32_screen_sensor_station_bmp280_pressure,987.55078125,2026-09-19T12:14:09.020Z
sensor.kitchen_esp32_screen_sensor_station_bmp280_pressure,987.760009765625,2026-09-19T12:15:09.011Z
sensor.kitchen_esp32_screen_sensor_station_bmp280_pressure,987.757202148438,2026-09-19T12:16:09.023Z
sensor.kitchen_esp32_screen_sensor_station_bmp280_pressure,987.725219726562,2026-09-19T12:17:09.009Z
sensor.kitchen_esp32_screen_sensor_station_bmp280_pressure,987.634826660156,2026-09-19T12:18:09.027Z
sensor.kitchen_esp32_screen_sensor_station_bmp280_pressure,987.628112792969,2026-09-19T12:19:09.010Z
sensor.kitchen_esp32_screen_sensor_station_bmp280_pressure,987.647644042969,2026-09-19T12:20:09.018Z
sensor.kitchen_esp32_screen_sensor_station_bmp280_pressure,987.577880859375,2026-09-19T12:21:09.018Z
sensor.kitchen_esp32_screen_sensor_station_bmp280_pressure,987.518920898438,2026-09-19T12:22:09.010Z
sensor.kitchen_esp32_screen_sensor_station_bmp280_pressure,987.510498046875,2026-09-19T12:23:09.046Z
sensor.kitchen_esp32_screen_sensor_station_bmp280_pressure,987.56640625,2026-09-19T12:24:09.018Z
sensor.kitchen_esp32_screen_sensor_station_bmp280_pressure,987.503051757812,2026-09-19T12:25:09.017Z
sensor.kitchen_esp32_screen_sensor_station_bmp280_pressure,987.520935058594,2026-09-19T12:26:09.035Z
sensor.kitchen_esp32_screen_sensor_station_bmp280_pressure,987.517211914062,2026-09-19T12:27:09.011Z
sensor.kitchen_esp32_screen_sensor_station_bmp280_pressure,987.492492675781,2026-09-19T12:28:09.023Z
sensor.kitchen_esp32_screen_sensor_station_bmp280_pressure,987.479736328125,2026-09-19T12:29:09.020Z
sensor.kitchen_esp32_screen_sensor_station_bmp280_pressure,987.477355957031,2026-09-19T12:30:09.014Z
sensor.kitchen_esp32_screen_sensor_station_bmp280_pressure,987.453125,2026-09-19T12:31:09.021Z
sensor.kitchen_esp32_screen_sensor_station_bmp280_pressure,987.47119140625,2026-09-19T12:32:09.031Z
sensor.kitchen_esp32_screen_sensor_station_bmp280_pressure,987.420288085938,2026-09-19T12:33:09.028Z
sensor.kitchen_esp32_screen_sensor_station_bmp280_pressure,987.431823730469,2026-09-19T12:34:09.027Z
sensor.kitchen_esp32_screen_sensor_station_bmp280_pressure,987.504821777344,2026-09-19T12:35:09.020Z
sensor.kitchen_esp32_screen_sensor_station_bmp280_pressure,987.450317382812,2026-09-19T12:36:09.024Z
sensor.kitchen_esp32_screen_sensor_station_bmp280_pressure,987.49169921875,2026-09-19T12:37:09.027Z
sensor.kitchen_esp32_screen_sensor_station_bmp280_pressure,987.428955078125,2026-09-19T12:38:09.020Z
sensor.kitchen_esp32_screen_sensor_station_bmp280_pressure,987.48095703125,2026-09-19T12:39:09.026Z
sensor.kitchen_esp32_screen_sensor_station_bmp280_pressure,987.493591308594,2026-09-19T12:40:09.043Z
sensor.kitchen_esp32_screen_sensor_station_bmp280_pressure,987.575805664062,2026-09-19T12:41:09.024Z
sensor.kitchen_esp32_screen_sensor_station_bmp280_pressure,987.475708007812,2026-09-19T12:42:09.021Z
sensor.kitchen_esp32_screen_sensor_station_bmp280_pressure,987.447998046875,2026-09-19T12:43:09.023Z
sensor.kitchen_esp32_screen_sensor_station_bmp280_pressure,987.305236816406,2026-09-19T12:44:09.038Z
sensor.kitchen_esp32_screen_sensor_station_bmp280_pressure,987.318054199219,2026-09-19T12:45:09.018Z
sensor.kitchen_esp32_screen_sensor_station_bmp280_pressure,987.337524414062,2026-09-19T12:46:09.031Z
sensor.kitchen_esp32_screen_sensor_station_bmp280_pressure,987.441223144531,2026-09-19T12:47:09.016Z
sensor.kitchen_esp32_screen_sensor_station_bmp280_pressure,987.340454101562,2026-09-19T12:48:09.025Z
sensor.kitchen_esp32_screen_sensor_station_bmp280_pressure,987.353271484375,2026-09-19T12:49:09.030Z
sensor.kitchen_esp32_screen_sensor_station_bmp280_pressure,987.38623046875,2026-09-19T12:50:09.014Z
sensor.kitchen_esp32_screen_sensor_station_bmp280_pressure,987.336669921875,2026-09-19T12:51:09.020Z
sensor.kitchen_esp32_screen_sensor_station_bmp280_pressure,987.345397949219,2026-09-19T12:52:09.023Z
sensor.kitchen_esp32_screen_sensor_station_bmp280_pressure,987.294860839844,2026-09-19T12:53:09.019Z
sensor.kitchen_esp32_screen_sensor_station_bmp280_pressure,987.204040527344,2026-09-19T12:54:09.016Z
sensor.kitchen_esp32_screen_sensor_station_bmp280_pressure,987.280944824219,2026-09-19T12:55:09.021Z
sensor.kitchen_esp32_screen_sensor_station_bmp280_pressure,987.251586914062,2026-09-19T12:56:09.031Z
sensor.kitchen_esp32_screen_sensor_station_bmp280_pressure,987.200317382812,2026-09-19T12:57:09.026Z
sensor.kitchen_esp32_screen_sensor_station_bmp280_pressure,987.190490722656,2026-09-19T12:58:09.023Z
sensor.kitchen_esp32_screen_sensor_station_bmp280_pressure,987.153564453125,2026-09-19T12:59:09.032Z
sensor.kitchen_esp32_screen_sensor_station_bmp280_pressure,987.112487792969,2026-09-19T13:00:09.030Z
sensor.kitchen_esp32_screen_sensor_station_bmp280_pressure,987.18310546875,2026-09-19T13:01:09.026Z
sensor.kitchen_esp32_screen_sensor_station_bmp280_pressure,987.189208984375,2026-09-19T13:02:09.016Z
sensor.kitchen_esp32_screen_sensor_station_bmp280_pressure,987.029479980469,2026-09-19T13:03:09.021Z
sensor.kitchen_esp32_screen_sensor_station_bmp280_pressure,987.15576171875,2026-09-19T13:04:09.030Z
sensor.kitchen_esp32_screen_sensor_station_bmp280_pressure,987.204711914062,2026-09-19T13:05:09.033Z
sensor.kitchen_esp32_screen_sensor_station_bmp280_pressure,987.143310546875,2026-09-19T13:06:09.022Z
sensor.kitchen_esp32_screen_sensor_station_bmp280_pressure,987.189697265625,2026-09-19T13:07:09.022Z
sensor.kitchen_esp32_screen_sensor_station_bmp280_pressure,987.088928222656,2026-09-19T13:08:09.028Z
sensor.kitchen_esp32_screen_sensor_station_bmp280_pressure,987.133666992188,2026-09-19T13:09:09.030Z
sensor.kitchen_esp32_screen_sensor_station_bmp280_pressure,987.065551757812,2026-09-19T13:10:09.024Z
sensor.kitchen_esp32_screen_sensor_station_bmp280_pressure,986.993286132812,2026-09-19T13:11:09.016Z
sensor.kitchen_esp32_screen_sensor_station_bmp280_pressure,987.142333984375,2026-09-19T13:12:09.027Z
sensor.kitchen_esp32_screen_sensor_station_bmp280_pressure,987.09033203125,2026-09-19T13:13:09.025Z
sensor.kitchen_esp32_screen_sensor_station_bmp280_pressure,987.040771484375,2026-09-19T13:14:09.029Z
sensor.kitchen_esp32_screen_sensor_station_bmp280_pressure,987.051879882812,2026-09-19T13:15:09.025Z
sensor.kitchen_esp32_screen_sensor_station_bmp280_pressure,987.047729492188,2026-09-19T13:16:09.025Z
sensor.kitchen_esp32_screen_sensor_station_bmp280_pressure,987.187805175781,2026-09-19T13:17:09.036Z
sensor.kitchen_esp32_screen_sensor_station_bmp280_pressure,987.007019042969,2026-09-19T13:18:09.032Z
sensor.kitchen_esp32_screen_sensor_station_bmp280_pressure,987.043212890625,2026-09-19T13:19:09.028Z
sensor.kitchen_esp32_screen_sensor_station_bmp280_pressure,986.983276367188,2026-09-19T13:20:09.034Z
sensor.kitchen_esp32_screen_sensor_station_bmp280_pressure,987.002014160156,2026-09-19T13:21:09.031Z
sensor.kitchen_esp32_screen_sensor_station_bmp280_pressure,986.950439453125,2026-09-19T13:22:09.030Z
sensor.kitchen_esp32_screen_sensor_station_bmp280_pressure,986.946899414062,2026-09-19T13:23:09.028Z
sensor.kitchen_esp32_screen_sensor_station_bmp280_pressure,986.994384765625,2026-09-19T13:24:09.033Z
sensor.kitchen_esp32_screen_sensor_station_bmp280_pressure,986.933776855469,2026-09-19T13:25:09.026Z
sensor.kitchen_esp32_screen_sensor_station_bmp280_pressure,986.963928222656,2026-09-19T13:26:09.028Z
sensor.kitchen_esp32_screen_sensor_station_bmp280_pressure,986.960571289062,2026-09-19T13:27:09.043Z
sensor.kitchen_esp32_screen_sensor_station_bmp280_pressure,986.948059082031,2026-09-19T13:28:09.025Z
sensor.kitchen_esp32_screen_sensor_station_bmp280_pressure,986.946899414062,2026-09-19T13:29:09.036Z
sensor.kitchen_esp32_screen_sensor_station_bmp280_pressure,986.932800292969,2026-09-19T13:30:09.039Z
sensor.kitchen_esp32_screen_sensor_station_bmp280_pressure,986.948852539062,2026-09-19T13:31:09.022Z
sensor.kitchen_esp32_screen_sensor_station_bmp280_pressure,986.917358398438,2026-09-19T13:32:09.030Z
sensor.kitchen_esp32_screen_sensor_station_bmp280_pressure,986.949829101562,2026-09-19T13:33:09.022Z
sensor.kitchen_esp32_screen_sensor_station_bmp280_pressure,986.921142578125,2026-09-19T13:34:09.032Z
sensor.kitchen_esp32_screen_sensor_station_bmp280_pressure,986.878601074219,2026-09-19T13:35:09.036Z
sensor.kitchen_esp32_screen_sensor_station_bmp280_pressure,986.85009765625,2026-09-19T13:36:09.029Z
sensor.kitchen_esp32_screen_sensor_station_bmp280_pressure,986.833190917969,2026-09-19T13:37:09.039Z
sensor.kitchen_esp32_screen_sensor_station_bmp280_pressure,986.785522460938,2026-09-19T13:38:09.032Z
sensor.kitchen_esp32_screen_sensor_station_bmp280_pressure,986.900146484375,2026-09-19T13:39:09.040Z
sensor.kitchen_esp32_screen_sensor_station_bmp280_pressure,986.850769042969,2026-09-19T13:40:09.042Z
sensor.kitchen_esp32_screen_sensor_station_bmp280_pressure,986.912353515625,2026-09-19T13:41:09.050Z
sensor.kitchen_esp32_screen_sensor_station_bmp280_pressure,986.874633789062,2026-09-19T13:42:09.030Z
sensor.kitchen_esp32_screen_sensor_station_bmp280_pressure,986.808044433594,2026-09-19T13:43:09.033Z
sensor.kitchen_esp32_screen_sensor_station_bmp280_pressure,986.780029296875,2026-09-19T13:44:09.024Z
sensor.kitchen_esp32_screen_sensor_station_bmp280_pressure,986.686157226562,2026-09-19T13:45:09.042Z
sensor.kitchen_esp32_screen_sensor_station_bmp280_pressure,986.786865234375,2026-09-19T13:46:09.026Z
sensor.kitchen_esp32_screen_sensor_station_bmp280_pressure,986.818908691406,2026-09-19T13:47:09.032Z
sensor.kitchen_esp32_screen_sensor_station_bmp280_pressure,986.736389160156,2026-09-19T13:48:09.037Z
sensor.kitchen_esp32_screen_sensor_station_bmp280_pressure,986.782165527344,2026-09-19T13:49:09.038Z
sensor.kitchen_esp32_screen_sensor_station_bmp280_pressure,986.67626953125,2026-09-19T13:50:09.033Z
sensor.kitchen_esp32_screen_sensor_station_bmp280_pressure,986.695007324219,2026-09-19T13:51:09.023Z
sensor.kitchen_esp32_screen_sensor_station_bmp280_pressure,986.707641601562,2026-09-19T13:52:09.030Z
sensor.kitchen_esp32_screen_sensor_station_bmp280_pressure,986.660461425781,2026-09-19T13:53:09.032Z
sensor.kitchen_esp32_screen_sensor_station_bmp280_pressure,986.724853515625,2026-09-19T13:54:09.035Z
sensor.kitchen_esp32_screen_sensor_station_bmp280_pressure,986.779663085938,2026-09-19T13:55:09.036Z
sensor.kitchen_esp32_screen_sensor_station_bmp280_pressure,986.648254394531,2026-09-19T13:56:09.042Z
sensor.kitchen_esp32_screen_sensor_station_bmp280_pressure,986.691711425781,2026-09-19T13:57:09.054Z
sensor.kitchen_esp32_screen_sensor_station_bmp280_pressure,986.630310058594,2026-09-19T13:58:09.036Z
sensor.kitchen_esp32_screen_sensor_station_bmp280_pressure,986.607666015625,2026-09-19T13:59:09.031Z
sensor.kitchen_esp32_screen_sensor_station_bmp280_pressure,986.568603515625,2026-09-19T14:00:09.037Z
sensor.kitchen_esp32_screen_sensor_station_bmp280_pressure,986.630676269531,2026-09-19T14:02:09.025Z
sensor.kitchen_esp32_screen_sensor_station_bmp280_pressure,986.580627441406,2026-09-19T14:03:09.037Z
sensor.kitchen_esp32_screen_sensor_station_bmp280_pressure,986.595886230469,2026-09-19T14:04:09.032Z
sensor.kitchen_esp32_screen_sensor_station_bmp280_pressure,986.674438476562,2026-09-19T14:05:09.031Z
sensor.kitchen_esp32_screen_sensor_station_bmp280_pressure,986.572265625,2026-09-19T14:06:09.025Z
sensor.kitchen_esp32_screen_sensor_station_bmp280_pressure,986.649841308594,2026-09-19T14:07:09.038Z
sensor.kitchen_esp32_screen_sensor_station_bmp280_pressure,986.571533203125,2026-09-19T14:08:09.053Z
sensor.kitchen_esp32_screen_sensor_station_bmp280_pressure,986.440673828125,2026-09-19T14:09:09.029Z
sensor.kitchen_esp32_screen_sensor_station_bmp280_pressure,986.417114257812,2026-09-19T14:10:09.033Z
sensor.kitchen_esp32_screen_sensor_station_bmp280_pressure,986.459350585938,2026-09-19T14:11:09.039Z
sensor.kitchen_esp32_screen_sensor_station_bmp280_pressure,986.450622558594,2026-09-19T14:12:09.031Z
sensor.kitchen_esp32_screen_sensor_station_bmp280_pressure,986.439514160156,2026-09-19T14:13:09.034Z
sensor.kitchen_esp32_screen_sensor_station_bmp280_pressure,986.464904785156,2026-09-19T14:14:09.029Z
sensor.kitchen_esp32_screen_sensor_station_bmp280_pressure,986.415100097656,2026-09-19T14:15:09.038Z
sensor.kitchen_esp32_screen_sensor_station_bmp280_pressure,986.284240722656,2026-09-19T14:16:09.034Z
sensor.kitchen_esp32_screen_sensor_station_bmp280_pressure,986.248596191406,2026-09-19T14:17:09.032Z
sensor.kitchen_esp32_screen_sensor_station_bmp280_pressure,986.329711914062,2026-09-19T14:18:09.041Z
sensor.kitchen_esp32_screen_sensor_station_bmp280_pressure,986.314208984375,2026-09-19T14:19:09.035Z
sensor.kitchen_esp32_screen_sensor_station_bmp280_pressure,986.303100585938,2026-09-19T14:20:09.027Z
sensor.kitchen_esp32_screen_sensor_station_bmp280_pressure,986.227355957031,2026-09-19T14:21:09.038Z
sensor.kitchen_esp32_screen_sensor_station_bmp280_pressure,986.190185546875,2026-09-19T14:22:09.027Z
sensor.kitchen_esp32_screen_sensor_station_bmp280_pressure,986.213623046875,2026-09-19T14:23:09.039Z
sensor.kitchen_esp32_screen_sensor_station_bmp280_pressure,986.295471191406,2026-09-19T14:24:09.049Z
sensor.kitchen_esp32_screen_sensor_station_bmp280_pressure,986.148620605469,2026-09-19T14:25:09.037Z
sensor.kitchen_esp32_screen_sensor_station_bmp280_pressure,986.337524414062,2026-09-19T14:26:09.040Z
sensor.kitchen_esp32_screen_sensor_station_bmp280_pressure,986.159545898438,2026-09-19T14:27:09.044Z
sensor.kitchen_esp32_screen_sensor_station_bmp280_pressure,986.353820800781,2026-09-19T14:28:09.040Z
sensor.kitchen_esp32_screen_sensor_station_bmp280_pressure,986.207092285156,2026-09-19T14:29:09.037Z
sensor.kitchen_esp32_screen_sensor_station_bmp280_pressure,986.207214355469,2026-09-19T14:30:09.038Z
sensor.kitchen_esp32_screen_sensor_station_bmp280_pressure,986.14892578125,2026-09-19T14:31:09.033Z
sensor.kitchen_esp32_screen_sensor_station_bmp280_pressure,986.156311035156,2026-09-19T14:32:09.060Z
sensor.kitchen_esp32_screen_sensor_station_bmp280_pressure,986.177490234375,2026-09-19T14:33:09.050Z
sensor.kitchen_esp32_screen_sensor_station_bmp280_pressure,986.093994140625,2026-09-19T14:34:09.032Z
sensor.kitchen_esp32_screen_sensor_station_bmp280_pressure,986.192626953125,2026-09-19T14:35:09.045Z
sensor.kitchen_esp32_screen_sensor_station_bmp280_pressure,986.225646972656,2026-09-19T14:36:09.042Z
sensor.kitchen_esp32_screen_sensor_station_bmp280_pressure,986.197021484375,2026-09-19T14:37:09.033Z
sensor.kitchen_esp32_screen_sensor_station_bmp280_pressure,986.29296875,2026-09-19T14:38:09.046Z
sensor.kitchen_esp32_screen_sensor_station_bmp280_pressure,986.258422851562,2026-09-19T14:39:09.033Z
sensor.kitchen_esp32_screen_sensor_station_bmp280_pressure,986.260864257812,2026-09-19T14:40:09.032Z
sensor.kitchen_esp32_screen_sensor_station_bmp280_pressure,986.374816894531,2026-09-19T14:41:09.045Z
sensor.kitchen_esp32_screen_sensor_station_bmp280_pressure,986.302978515625,2026-09-19T14:42:09.041Z
sensor.kitchen_esp32_screen_sensor_station_bmp280_pressure,986.330017089844,2026-09-19T14:43:09.050Z
sensor.kitchen_esp32_screen_sensor_station_bmp280_pressure,986.346923828125,2026-09-19T14:44:09.029Z
sensor.kitchen_esp32_screen_sensor_station_bmp280_pressure,986.329345703125,2026-09-19T14:45:09.037Z
sensor.kitchen_esp32_screen_sensor_station_bmp280_pressure,986.311462402344,2026-09-19T14:46:09.058Z
sensor.kitchen_esp32_screen_sensor_station_bmp280_pressure,986.270751953125,2026-09-19T14:47:09.048Z
sensor.kitchen_esp32_screen_sensor_station_bmp280_pressure,986.294372558594,2026-09-19T14:48:09.042Z
sensor.kitchen_esp32_screen_sensor_station_bmp280_pressure,986.182861328125,2026-09-19T14:49:09.044Z
sensor.kitchen_esp32_screen_sensor_station_bmp280_pressure,986.213256835938,2026-09-19T14:50:09.033Z
sensor.kitchen_esp32_screen_sensor_station_bmp280_pressure,986.216735839844,2026-09-19T14:51:09.054Z
sensor.kitchen_esp32_screen_sensor_station_bmp280_pressure,986.180297851562,2026-09-19T14:52:09.031Z
sensor.kitchen_esp32_screen_sensor_station_bmp280_pressure,986.24267578125,2026-09-19T14:53:09.047Z
sensor.kitchen_esp32_screen_sensor_station_bmp280_pressure,986.270629882812,2026-09-19T14:54:09.040Z
sensor.kitchen_esp32_screen_sensor_station_bmp280_pressure,986.310791015625,2026-09-19T14:55:09.037Z
sensor.kitchen_esp32_screen_sensor_station_bmp280_pressure,986.263671875,2026-09-19T14:56:09.043Z
sensor.kitchen_esp32_screen_sensor_station_bmp280_pressure,986.290283203125,2026-09-19T14:57:09.049Z
sensor.kitchen_esp32_screen_sensor_station_bmp280_pressure,986.305603027344,2026-09-19T14:58:09.054Z
sensor.kitchen_esp32_screen_sensor_station_bmp280_pressure,986.338623046875,2026-09-19T14:59:09.057Z
sensor.kitchen_esp32_screen_sensor_station_bmp280_pressure,986.347473144531,2026-09-19T15:00:09.060Z
sensor.kitchen_esp32_screen_sensor_station_bmp280_pressure,986.295959472656,2026-09-19T15:01:09.063Z
sensor.kitchen_esp32_screen_sensor_station_bmp280_pressure,986.377685546875,2026-09-19T15:02:09.037Z
sensor.kitchen_esp32_screen_sensor_station_bmp280_pressure,986.380004882812,2026-09-19T15:03:09.052Z
sensor.kitchen_esp32_screen_sensor_station_bmp280_pressure,986.357177734375,2026-09-19T15:04:09.052Z
sensor.kitchen_esp32_screen_sensor_station_bmp280_pressure,986.421264648438,2026-09-19T15:05:09.042Z
sensor.kitchen_esp32_screen_sensor_station_bmp280_pressure,986.383666992188,2026-09-19T15:06:09.059Z
sensor.kitchen_esp32_screen_sensor_station_bmp280_pressure,986.463623046875,2026-09-19T15:07:09.057Z
sensor.kitchen_esp32_screen_sensor_station_bmp280_pressure,986.498107910156,2026-09-19T15:08:09.055Z
sensor.kitchen_esp32_screen_sensor_station_bmp280_pressure,986.47607421875,2026-09-19T15:09:09.058Z
sensor.kitchen_esp32_screen_sensor_station_bmp280_pressure,986.551086425781,2026-09-19T15:10:09.049Z
sensor.kitchen_esp32_screen_sensor_station_bmp280_pressure,986.548461914062,2026-09-19T15:11:09.056Z
sensor.kitchen_esp32_screen_sensor_station_bmp280_pressure,986.542419433594,2026-09-19T15:12:09.046Z
sensor.kitchen_esp32_screen_sensor_station_bmp280_pressure,986.59033203125,2026-09-19T15:13:09.054Z
sensor.kitchen_esp32_screen_sensor_station_bmp280_pressure,986.60546875,2026-09-19T15:14:09.059Z
sensor.kitchen_esp32_screen_sensor_station_bmp280_pressure,986.656799316406,2026-09-19T15:15:09.047Z
sensor.kitchen_esp32_screen_sensor_station_bmp280_pressure,986.637573242188,2026-09-19T15:16:09.050Z
sensor.kitchen_esp32_screen_sensor_station_bmp280_pressure,986.631469726562,2026-09-19T15:17:09.044Z
sensor.kitchen_esp32_screen_sensor_station_bmp280_pressure,986.602172851562,2026-09-19T15:18:09.045Z
sensor.kitchen_esp32_screen_sensor_station_bmp280_pressure,986.656860351562,2026-09-19T15:19:09.056Z
sensor.kitchen_esp32_screen_sensor_station_bmp280_pressure,986.667663574219,2026-09-19T15:20:09.042Z
sensor.kitchen_esp32_screen_sensor_station_bmp280_pressure,986.726318359375,2026-09-19T15:21:09.073Z
sensor.kitchen_esp32_screen_sensor_station_bmp280_pressure,986.735778808594,2026-09-19T15:22:10.602Z
sensor.kitchen_esp32_screen_sensor_station_bmp280_pressure,986.791381835938,2026-09-19T15:23:09.054Z
sensor.kitchen_esp32_screen_sensor_station_bmp280_pressure,986.766845703125,2026-09-19T15:24:09.053Z
sensor.kitchen_esp32_screen_sensor_station_bmp280_pressure,986.826782226562,2026-09-19T15:25:09.053Z
sensor.kitchen_esp32_screen_sensor_station_bmp280_pressure,986.844360351562,2026-09-19T15:26:09.054Z
sensor.kitchen_esp32_screen_sensor_station_bmp280_pressure,986.908447265625,2026-09-19T15:27:09.049Z
sensor.kitchen_esp32_screen_sensor_station_bmp280_pressure,987.025024414062,2026-09-19T15:28:09.063Z
sensor.kitchen_esp32_screen_sensor_station_bmp280_pressure,986.930603027344,2026-09-19T15:29:09.055Z
sensor.kitchen_esp32_screen_sensor_station_bmp280_pressure,987.126892089844,2026-09-19T15:30:09.047Z
sensor.kitchen_esp32_screen_sensor_station_bmp280_pressure,987.151123046875,2026-09-19T15:31:09.047Z
sensor.kitchen_esp32_screen_sensor_station_bmp280_pressure,987.147094726562,2026-09-19T15:32:09.055Z
sensor.kitchen_esp32_screen_sensor_station_bmp280_pressure,987.190185546875,2026-09-19T15:33:09.057Z
sensor.kitchen_esp32_screen_sensor_station_bmp280_pressure,987.217041015625,2026-09-19T15:34:09.059Z
sensor.kitchen_esp32_screen_sensor_station_bmp280_pressure,987.213745117188,2026-09-19T15:35:09.048Z
sensor.kitchen_esp32_screen_sensor_station_bmp280_pressure,987.131896972656,2026-09-19T15:36:09.051Z
sensor.kitchen_esp32_screen_sensor_station_bmp280_pressure,987.290283203125,2026-09-19T15:37:09.051Z
sensor.kitchen_esp32_screen_sensor_station_bmp280_pressure,987.339233398438,2026-09-19T15:38:09.083Z
sensor.kitchen_esp32_screen_sensor_station_bmp280_pressure,987.348266601562,2026-09-19T15:39:09.043Z
sensor.kitchen_esp32_screen_sensor_station_bmp280_pressure,987.369506835938,2026-09-19T15:40:09.045Z
sensor.kitchen_esp32_screen_sensor_station_bmp280_pressure,987.345947265625,2026-09-19T15:41:09.096Z
sensor.kitchen_esp32_screen_sensor_station_bmp280_pressure,987.365966796875,2026-09-19T15:42:09.066Z
sensor.kitchen_esp32_screen_sensor_station_bmp280_pressure,987.413146972656,2026-09-19T15:43:09.046Z
sensor.kitchen_esp32_screen_sensor_station_bmp280_pressure,987.3828125,2026-09-19T15:44:09.058Z
sensor.kitchen_esp32_screen_sensor_station_bmp280_pressure,987.416564941406,2026-09-19T15:45:09.058Z
sensor.kitchen_esp32_screen_sensor_station_bmp280_pressure,987.432678222656,2026-09-19T15:46:09.092Z
sensor.kitchen_esp32_screen_sensor_station_bmp280_pressure,987.426635742188,2026-09-19T15:47:09.047Z
sensor.kitchen_esp32_screen_sensor_station_bmp280_pressure,987.436706542969,2026-09-19T15:48:09.057Z
sensor.kitchen_esp32_screen_sensor_station_bmp280_pressure,987.499389648438,2026-09-19T15:49:09.060Z
sensor.kitchen_esp32_screen_sensor_station_bmp280_pressure,987.464660644531,2026-09-19T15:50:09.048Z
sensor.kitchen_esp32_screen_sensor_station_bmp280_pressure,987.527709960938,2026-09-19T15:51:09.046Z
sensor.kitchen_esp32_screen_sensor_station_bmp280_pressure,987.469848632812,2026-09-19T15:52:09.055Z
sensor.kitchen_esp32_screen_sensor_station_bmp280_pressure,987.527160644531,2026-09-19T15:53:09.048Z
sensor.kitchen_esp32_screen_sensor_station_bmp280_pressure,987.505249023438,2026-09-19T15:54:09.121Z
sensor.kitchen_esp32_screen_sensor_station_bmp280_pressure,987.549072265625,2026-09-19T15:55:09.090Z
sensor.kitchen_esp32_screen_sensor_station_bmp280_pressure,987.554870605469,2026-09-19T15:56:10.219Z
sensor.kitchen_esp32_screen_sensor_station_bmp280_pressure,987.504272460938,2026-09-19T15:57:10.230Z
sensor.kitchen_esp32_screen_sensor_station_bmp280_pressure,987.547790527344,2026-09-19T15:58:09.048Z
sensor.kitchen_esp32_screen_sensor_station_bmp280_pressure,987.573120117188,2026-09-19T15:59:09.054Z
sensor.kitchen_esp32_screen_sensor_station_bmp280_pressure,987.525024414062,2026-09-19T16:00:09.083Z
sensor.kitchen_esp32_screen_sensor_station_bmp280_pressure,987.52734375,2026-09-19T16:01:10.240Z
sensor.kitchen_esp32_screen_sensor_station_bmp280_pressure,987.517517089844,2026-09-19T16:02:22.652Z
sensor.kitchen_esp32_screen_sensor_station_bmp280_pressure,987.513122558594,2026-09-19T16:03:09.042Z
sensor.kitchen_esp32_screen_sensor_station_bmp280_pressure,987.525634765625,2026-09-19T16:04:09.056Z
sensor.kitchen_esp32_screen_sensor_station_bmp280_pressure,987.53515625,2026-09-19T16:05:09.067Z
sensor.kitchen_esp32_screen_sensor_station_bmp280_pressure,987.537841796875,2026-09-19T16:06:09.039Z
sensor.kitchen_esp32_screen_sensor_station_bmp280_pressure,987.518432617188,2026-09-19T16:07:09.081Z
sensor.kitchen_esp32_screen_sensor_station_bmp280_pressure,987.513916015625,2026-09-19T16:08:09.054Z
sensor.kitchen_esp32_screen_sensor_station_bmp280_pressure,987.643615722656,2026-09-19T16:09:09.045Z
sensor.kitchen_esp32_screen_sensor_station_bmp280_pressure,987.501403808594,2026-09-19T16:10:09.086Z
sensor.kitchen_esp32_screen_sensor_station_bmp280_pressure,987.511901855469,2026-09-19T16:11:09.039Z
sensor.kitchen_esp32_screen_sensor_station_bmp280_pressure,987.600341796875,2026-09-19T16:12:09.056Z
sensor.kitchen_esp32_screen_sensor_station_bmp280_pressure,987.533935546875,2026-09-19T16:13:09.064Z
sensor.kitchen_esp32_screen_sensor_station_bmp280_pressure,987.509216308594,2026-09-19T16:14:09.050Z
sensor.kitchen_esp32_screen_sensor_station_bmp280_pressure,987.510925292969,2026-09-19T16:15:09.055Z
sensor.kitchen_esp32_screen_sensor_station_bmp280_pressure,987.439514160156,2026-09-19T16:16:09.038Z
sensor.kitchen_esp32_screen_sensor_station_bmp280_pressure,987.390319824219,2026-09-19T16:17:09.051Z
sensor.kitchen_esp32_screen_sensor_station_bmp280_pressure,987.424377441406,2026-09-19T16:18:09.039Z
sensor.kitchen_esp32_screen_sensor_station_bmp280_pressure,987.471252441406,2026-09-19T16:19:09.063Z
sensor.kitchen_esp32_screen_sensor_station_bmp280_pressure,987.414611816406,2026-09-19T16:20:09.075Z
sensor.kitchen_esp32_screen_sensor_station_bmp280_pressure,987.435852050781,2026-09-19T16:21:09.049Z
sensor.kitchen_esp32_screen_sensor_station_bmp280_pressure,987.407897949219,2026-09-19T16:22:09.066Z
sensor.kitchen_esp32_screen_sensor_station_bmp280_pressure,987.444274902344,2026-09-19T16:23:09.040Z
sensor.kitchen_esp32_screen_sensor_station_bmp280_pressure,987.433227539062,2026-09-19T16:24:09.050Z
sensor.kitchen_esp32_screen_sensor_station_bmp280_pressure,987.432495117188,2026-09-19T16:25:09.041Z
sensor.kitchen_esp32_screen_sensor_station_bmp280_pressure,987.430786132812,2026-09-19T16:26:09.051Z
sensor.kitchen_esp32_screen_sensor_station_bmp280_pressure,987.428100585938,2026-09-19T16:28:09.049Z
sensor.kitchen_esp32_screen_sensor_station_bmp280_pressure,987.392822265625,2026-09-19T16:29:09.046Z
sensor.kitchen_esp32_screen_sensor_station_bmp280_pressure,987.374206542969,2026-09-19T16:30:09.048Z
sensor.kitchen_esp32_screen_sensor_station_bmp280_pressure,987.415405273438,2026-09-19T16:31:09.049Z
sensor.kitchen_esp32_screen_sensor_station_bmp280_pressure,987.381713867188,2026-09-19T16:32:09.043Z
sensor.kitchen_esp32_screen_sensor_station_bmp280_pressure,987.29638671875,2026-09-19T16:33:09.050Z
